"price_date","symbol","company","adjusted_close"
2022-01-03,"AAPL","Apple",177.786376953125
2022-01-04,"AAPL","Apple",175.529983520508
2022-01-05,"AAPL","Apple",170.860916137695
2022-01-06,"AAPL","Apple",168.008697509766
2022-01-07,"AAPL","Apple",168.174713134766
2022-01-10,"AAPL","Apple",168.194259643555
2022-01-11,"AAPL","Apple",171.017227172852
2022-01-12,"AAPL","Apple",171.456756591797
2022-01-13,"AAPL","Apple",168.194259643555
2022-01-14,"AAPL","Apple",169.05387878418
2022-01-18,"AAPL","Apple",165.859741210938
2022-01-19,"AAPL","Apple",162.37255859375
2022-01-20,"AAPL","Apple",160.692489624023
2022-01-21,"AAPL","Apple",158.641235351562
2022-01-24,"AAPL","Apple",157.869537353516
2022-01-25,"AAPL","Apple",156.072280883789
2022-01-26,"AAPL","Apple",155.984329223633
2022-01-27,"AAPL","Apple",155.525238037109
2022-01-28,"AAPL","Apple",166.377456665039
2022-01-31,"AAPL","Apple",170.724136352539
2022-02-01,"AAPL","Apple",170.558135986328
2022-02-02,"AAPL","Apple",171.759582519531
2022-02-03,"AAPL","Apple",168.887771606445
2022-02-04,"AAPL","Apple",168.604156494141
2022-02-07,"AAPL","Apple",167.890182495117
2022-02-08,"AAPL","Apple",170.990615844727
2022-02-09,"AAPL","Apple",172.408737182617
2022-02-10,"AAPL","Apple",168.340087890625
2022-02-11,"AAPL","Apple",164.936538696289
2022-02-14,"AAPL","Apple",165.171279907227
2022-02-15,"AAPL","Apple",168.995376586914
2022-02-16,"AAPL","Apple",168.760650634766
2022-02-17,"AAPL","Apple",165.171279907227
2022-02-18,"AAPL","Apple",163.625961303711
2022-02-22,"AAPL","Apple",160.711410522461
2022-02-23,"AAPL","Apple",156.554748535156
2022-02-24,"AAPL","Apple",159.166107177734
2022-02-25,"AAPL","Apple",161.229782104492
2022-02-28,"AAPL","Apple",161.493804931641
2022-03-01,"AAPL","Apple",159.615982055664
2022-03-02,"AAPL","Apple",162.902206420898
2022-03-03,"AAPL","Apple",162.57942199707
2022-03-04,"AAPL","Apple",159.586608886719
2022-03-07,"AAPL","Apple",155.801666259766
2022-03-08,"AAPL","Apple",153.982498168945
2022-03-09,"AAPL","Apple",159.371490478516
2022-03-10,"AAPL","Apple",155.03874206543
2022-03-11,"AAPL","Apple",151.332000732422
2022-03-14,"AAPL","Apple",147.312271118164
2022-03-15,"AAPL","Apple",151.684097290039
2022-03-16,"AAPL","Apple",156.08528137207
2022-03-17,"AAPL","Apple",157.092620849609
2022-03-18,"AAPL","Apple",160.378845214844
2022-03-21,"AAPL","Apple",161.748123168945
2022-03-22,"AAPL","Apple",165.112564086914
2022-03-23,"AAPL","Apple",166.472045898438
2022-03-24,"AAPL","Apple",170.247314453125
2022-03-25,"AAPL","Apple",170.883010864258
2022-03-28,"AAPL","Apple",171.743682861328
2022-03-29,"AAPL","Apple",175.029937744141
2022-03-30,"AAPL","Apple",173.866012573242
2022-03-31,"AAPL","Apple",170.775451660156
2022-04-01,"AAPL","Apple",170.482009887695
2022-04-04,"AAPL","Apple",174.521331787109
2022-04-05,"AAPL","Apple",171.215560913086
2022-04-06,"AAPL","Apple",168.05647277832
2022-04-07,"AAPL","Apple",168.359649658203
2022-04-08,"AAPL","Apple",166.354675292969
2022-04-11,"AAPL","Apple",162.109985351562
2022-04-12,"AAPL","Apple",163.97802734375
2022-04-13,"AAPL","Apple",166.65788269043
2022-04-14,"AAPL","Apple",161.660095214844
2022-04-18,"AAPL","Apple",161.444931030273
2022-04-19,"AAPL","Apple",163.723739624023
2022-04-20,"AAPL","Apple",163.557510375977
2022-04-21,"AAPL","Apple",162.765274047852
2022-04-22,"AAPL","Apple",158.236953735352
2022-04-25,"AAPL","Apple",159.303024291992
2022-04-26,"AAPL","Apple",153.356567382812
2022-04-27,"AAPL","Apple",153.131591796875
2022-04-28,"AAPL","Apple",160.046310424805
2022-04-29,"AAPL","Apple",154.187881469727
2022-05-02,"AAPL","Apple",154.491058349609
2022-05-03,"AAPL","Apple",155.977676391602
2022-05-04,"AAPL","Apple",162.374069213867
2022-05-05,"AAPL","Apple",153.327194213867
2022-05-06,"AAPL","Apple",154.051986694336
2022-05-09,"AAPL","Apple",148.93913269043
2022-05-10,"AAPL","Apple",151.338851928711
2022-05-11,"AAPL","Apple",143.493255615234
2022-05-12,"AAPL","Apple",139.634140014648
2022-05-13,"AAPL","Apple",144.090744018555
2022-05-16,"AAPL","Apple",142.552947998047
2022-05-17,"AAPL","Apple",146.177017211914
2022-05-18,"AAPL","Apple",137.929824829102
2022-05-19,"AAPL","Apple",134.531051635742
2022-05-20,"AAPL","Apple",134.76611328125
2022-05-23,"AAPL","Apple",140.1728515625
2022-05-24,"AAPL","Apple",137.479263305664
2022-05-25,"AAPL","Apple",137.636016845703
2022-05-26,"AAPL","Apple",140.829071044922
2022-05-27,"AAPL","Apple",146.568786621094
2022-05-31,"AAPL","Apple",145.785232543945
2022-06-01,"AAPL","Apple",145.657897949219
2022-06-02,"AAPL","Apple",148.106582641602
2022-06-03,"AAPL","Apple",142.396240234375
2022-06-06,"AAPL","Apple",143.140640258789
2022-06-07,"AAPL","Apple",145.657897949219
2022-06-08,"AAPL","Apple",144.923294067383
2022-06-09,"AAPL","Apple",139.712478637695
2022-06-10,"AAPL","Apple",134.315536499023
2022-06-13,"AAPL","Apple",129.173309326172
2022-06-14,"AAPL","Apple",130.035232543945
2022-06-15,"AAPL","Apple",132.650436401367
2022-06-16,"AAPL","Apple",127.390647888184
2022-06-17,"AAPL","Apple",128.85986328125
2022-06-21,"AAPL","Apple",133.081420898438
2022-06-22,"AAPL","Apple",132.57209777832
2022-06-23,"AAPL","Apple",135.432174682617
2022-06-24,"AAPL","Apple",138.752624511719
2022-06-27,"AAPL","Apple",138.752624511719
2022-06-28,"AAPL","Apple",134.619201660156
2022-06-29,"AAPL","Apple",136.372482299805
2022-06-30,"AAPL","Apple",133.913955688477
2022-07-01,"AAPL","Apple",136.078582763672
2022-07-05,"AAPL","Apple",138.654647827148
2022-07-06,"AAPL","Apple",139.986724853516
2022-07-07,"AAPL","Apple",143.346343994141
2022-07-08,"AAPL","Apple",144.022155761719
2022-07-11,"AAPL","Apple",141.896713256836
2022-07-12,"AAPL","Apple",142.86637878418
2022-07-13,"AAPL","Apple",142.503967285156
2022-07-14,"AAPL","Apple",145.422821044922
2022-07-15,"AAPL","Apple",147.087905883789
2022-07-18,"AAPL","Apple",144.05158996582
2022-07-19,"AAPL","Apple",147.900955200195
2022-07-20,"AAPL","Apple",149.899017333984
2022-07-21,"AAPL","Apple",152.161651611328
2022-07-22,"AAPL","Apple",150.927505493164
2022-07-25,"AAPL","Apple",149.810882568359
2022-07-26,"AAPL","Apple",148.488586425781
2022-07-27,"AAPL","Apple",153.572036743164
2022-07-28,"AAPL","Apple",154.120574951172
2022-07-29,"AAPL","Apple",159.174667358398
2022-08-01,"AAPL","Apple",158.195159912109
2022-08-02,"AAPL","Apple",156.725967407227
2022-08-03,"AAPL","Apple",162.720352172852
2022-08-04,"AAPL","Apple",162.406936645508
2022-08-05,"AAPL","Apple",162.181350708008
2022-08-08,"AAPL","Apple",161.710556030273
2022-08-09,"AAPL","Apple",161.759582519531
2022-08-10,"AAPL","Apple",165.996826171875
2022-08-11,"AAPL","Apple",165.261184692383
2022-08-12,"AAPL","Apple",168.802001953125
2022-08-15,"AAPL","Apple",169.871109008789
2022-08-16,"AAPL","Apple",169.714157104492
2022-08-17,"AAPL","Apple",171.205047607422
2022-08-18,"AAPL","Apple",170.812698364258
2022-08-19,"AAPL","Apple",168.233123779297
2022-08-22,"AAPL","Apple",164.358840942383
2022-08-23,"AAPL","Apple",164.025299072266
2022-08-24,"AAPL","Apple",164.319564819336
2022-08-25,"AAPL","Apple",166.77165222168
2022-08-26,"AAPL","Apple",160.484497070312
2022-08-29,"AAPL","Apple",158.287445068359
2022-08-30,"AAPL","Apple",155.864776611328
2022-08-31,"AAPL","Apple",154.207168579102
2022-09-01,"AAPL","Apple",154.932998657227
2022-09-02,"AAPL","Apple",152.824172973633
2022-09-06,"AAPL","Apple",151.568710327148
2022-09-07,"AAPL","Apple",152.971298217773
2022-09-08,"AAPL","Apple",151.500030517578
2022-09-09,"AAPL","Apple",154.354278564453
2022-09-12,"AAPL","Apple",160.298126220703
2022-09-13,"AAPL","Apple",150.89192199707
2022-09-14,"AAPL","Apple",152.333709716797
2022-09-15,"AAPL","Apple",149.450057983398
2022-09-16,"AAPL","Apple",147.812072753906
2022-09-19,"AAPL","Apple",151.519668579102
2022-09-20,"AAPL","Apple",153.893280029297
2022-09-21,"AAPL","Apple",150.77424621582
2022-09-22,"AAPL","Apple",149.81298828125
2022-09-23,"AAPL","Apple",147.547241210938
2022-09-26,"AAPL","Apple",147.880722045898
2022-09-27,"AAPL","Apple",148.85173034668
2022-09-28,"AAPL","Apple",146.96858215332
2022-09-29,"AAPL","Apple",139.749649047852
2022-09-30,"AAPL","Apple",135.551605224609
2022-10-03,"AAPL","Apple",139.720169067383
2022-10-04,"AAPL","Apple",143.300262451172
2022-10-05,"AAPL","Apple",143.594467163086
2022-10-06,"AAPL","Apple",142.64306640625
2022-10-07,"AAPL","Apple",137.405395507812
2022-10-10,"AAPL","Apple",137.729064941406
2022-10-11,"AAPL","Apple",136.316680908203
2022-10-12,"AAPL","Apple",135.688919067383
2022-10-13,"AAPL","Apple",140.249801635742
2022-10-14,"AAPL","Apple",135.728179931641
2022-10-17,"AAPL","Apple",139.680969238281
2022-10-18,"AAPL","Apple",140.995330810547
2022-10-19,"AAPL","Apple",141.103179931641
2022-10-20,"AAPL","Apple",140.642135620117
2022-10-21,"AAPL","Apple",144.447830200195
2022-10-24,"AAPL","Apple",146.585983276367
2022-10-25,"AAPL","Apple",149.420669555664
2022-10-26,"AAPL","Apple",146.487976074219
2022-10-27,"AAPL","Apple",142.025177001953
2022-10-28,"AAPL","Apple",152.75553894043
2022-10-31,"AAPL","Apple",150.401473999023
2022-11-01,"AAPL","Apple",147.763046264648
2022-11-02,"AAPL","Apple",142.250747680664
2022-11-03,"AAPL","Apple",136.218612670898
2022-11-04,"AAPL","Apple",135.953353881836
2022-11-07,"AAPL","Apple",136.483871459961
2022-11-08,"AAPL","Apple",137.0537109375
2022-11-09,"AAPL","Apple",132.504898071289
2022-11-10,"AAPL","Apple",144.294464111328
2022-11-11,"AAPL","Apple",147.074813842773
2022-11-14,"AAPL","Apple",145.679733276367
2022-11-15,"AAPL","Apple",147.408874511719
2022-11-16,"AAPL","Apple",146.180770874023
2022-11-17,"AAPL","Apple",148.076919555664
2022-11-18,"AAPL","Apple",148.636947631836
2022-11-21,"AAPL","Apple",145.414489746094
2022-11-22,"AAPL","Apple",147.546401977539
2022-11-23,"AAPL","Apple",148.420822143555
2022-11-25,"AAPL","Apple",145.512725830078
2022-11-28,"AAPL","Apple",141.690963745117
2022-11-29,"AAPL","Apple",138.694412231445
2022-11-30,"AAPL","Apple",145.434097290039
2022-12-01,"AAPL","Apple",145.709197998047
2022-12-02,"AAPL","Apple",145.217971801758
2022-12-05,"AAPL","Apple",144.058670043945
2022-12-06,"AAPL","Apple",140.403915405273
2022-12-07,"AAPL","Apple",138.468444824219
2022-12-08,"AAPL","Apple",140.1484375
2022-12-09,"AAPL","Apple",139.667053222656
2022-12-12,"AAPL","Apple",141.956207275391
2022-12-13,"AAPL","Apple",142.919006347656
2022-12-14,"AAPL","Apple",140.698638916016
2022-12-15,"AAPL","Apple",134.106323242188
2022-12-16,"AAPL","Apple",132.151229858398
2022-12-19,"AAPL","Apple",130.048706054688
2022-12-20,"AAPL","Apple",129.97998046875
2022-12-21,"AAPL","Apple",133.074737548828
2022-12-22,"AAPL","Apple",129.911178588867
2022-12-23,"AAPL","Apple",129.54768371582
2022-12-27,"AAPL","Apple",127.749771118164
2022-12-28,"AAPL","Apple",123.829727172852
2022-12-29,"AAPL","Apple",127.337120056152
2022-12-30,"AAPL","Apple",127.651527404785
2023-01-03,"AAPL","Apple",122.876739501953
2023-01-04,"AAPL","Apple",124.14412689209
2023-01-05,"AAPL","Apple",122.827613830566
2023-01-06,"AAPL","Apple",127.346961975098
2023-01-09,"AAPL","Apple",127.867645263672
2023-01-10,"AAPL","Apple",128.437469482422
2023-01-11,"AAPL","Apple",131.149124145508
2023-01-12,"AAPL","Apple",131.070495605469
2023-01-13,"AAPL","Apple",132.39680480957
2023-01-17,"AAPL","Apple",133.556121826172
2023-01-18,"AAPL","Apple",132.838912963867
2023-01-19,"AAPL","Apple",132.897888183594
2023-01-20,"AAPL","Apple",135.452270507812
2023-01-23,"AAPL","Apple",138.635452270508
2023-01-24,"AAPL","Apple",140.030563354492
2023-01-25,"AAPL","Apple",139.372299194336
2023-01-26,"AAPL","Apple",141.435501098633
2023-01-27,"AAPL","Apple",143.370910644531
2023-01-30,"AAPL","Apple",140.492294311523
2023-01-31,"AAPL","Apple",141.759704589844
2023-02-01,"AAPL","Apple",142.879684448242
2023-02-02,"AAPL","Apple",148.175170898438
2023-02-03,"AAPL","Apple",151.790634155273
2023-02-06,"AAPL","Apple",149.069244384766
2023-02-07,"AAPL","Apple",151.938018798828
2023-02-08,"AAPL","Apple",149.255889892578
2023-02-09,"AAPL","Apple",148.22428894043
2023-02-10,"AAPL","Apple",148.588394165039
2023-02-13,"AAPL","Apple",151.382843017578
2023-02-14,"AAPL","Apple",150.743240356445
2023-02-15,"AAPL","Apple",152.839111328125
2023-02-16,"AAPL","Apple",151.245071411133
2023-02-17,"AAPL","Apple",150.10368347168
2023-02-21,"AAPL","Apple",146.098968505859
2023-02-22,"AAPL","Apple",146.522048950195
2023-02-23,"AAPL","Apple",147.004196166992
2023-02-24,"AAPL","Apple",144.357330322266
2023-02-27,"AAPL","Apple",145.547912597656
2023-02-28,"AAPL","Apple",145.046112060547
2023-03-01,"AAPL","Apple",142.979797363281
2023-03-02,"AAPL","Apple",143.57014465332
2023-03-03,"AAPL","Apple",148.608062744141
2023-03-06,"AAPL","Apple",151.363159179688
2023-03-07,"AAPL","Apple",149.168899536133
2023-03-08,"AAPL","Apple",150.418579101562
2023-03-09,"AAPL","Apple",148.175109863281
2023-03-10,"AAPL","Apple",146.118637084961
2023-03-13,"AAPL","Apple",148.057067871094
2023-03-14,"AAPL","Apple",150.143035888672
2023-03-15,"AAPL","Apple",150.53662109375
2023-03-16,"AAPL","Apple",153.350784301758
2023-03-17,"AAPL","Apple",152.514404296875
2023-03-20,"AAPL","Apple",154.875915527344
2023-03-21,"AAPL","Apple",156.725769042969
2023-03-22,"AAPL","Apple",155.29899597168
2023-03-23,"AAPL","Apple",156.381393432617
2023-03-24,"AAPL","Apple",157.680206298828
2023-03-27,"AAPL","Apple",155.741806030273
2023-03-28,"AAPL","Apple",155.121887207031
2023-03-29,"AAPL","Apple",158.191879272461
2023-03-30,"AAPL","Apple",159.756362915039
2023-03-31,"AAPL","Apple",162.255630493164
2023-04-03,"AAPL","Apple",163.505279541016
2023-04-04,"AAPL","Apple",162.973922729492
2023-04-05,"AAPL","Apple",161.133895874023
2023-04-06,"AAPL","Apple",162.019485473633
2023-04-10,"AAPL","Apple",159.431671142578
2023-04-11,"AAPL","Apple",158.221405029297
2023-04-12,"AAPL","Apple",157.532653808594
2023-04-13,"AAPL","Apple",162.905029296875
2023-04-14,"AAPL","Apple",162.560653686523
2023-04-17,"AAPL","Apple",162.580337524414
2023-04-18,"AAPL","Apple",163.80046081543
2023-04-19,"AAPL","Apple",164.94189453125
2023-04-20,"AAPL","Apple",163.977554321289
2023-04-21,"AAPL","Apple",162.373687744141
2023-04-24,"AAPL","Apple",162.678741455078
2023-04-25,"AAPL","Apple",161.143753051758
2023-04-26,"AAPL","Apple",161.133895874023
2023-04-27,"AAPL","Apple",165.709350585938
2023-04-28,"AAPL","Apple",166.958969116211
2023-05-01,"AAPL","Apple",166.870407104492
2023-05-02,"AAPL","Apple",165.837249755859
2023-05-03,"AAPL","Apple",164.764755249023
2023-05-04,"AAPL","Apple",163.131362915039
2023-05-05,"AAPL","Apple",170.786605834961
2023-05-08,"AAPL","Apple",170.717697143555
2023-05-09,"AAPL","Apple",169.015487670898
2023-05-10,"AAPL","Apple",170.776763916016
2023-05-11,"AAPL","Apple",170.96369934082
2023-05-12,"AAPL","Apple",170.037521362305
2023-05-15,"AAPL","Apple",169.544860839844
2023-05-16,"AAPL","Apple",169.544860839844
2023-05-17,"AAPL","Apple",170.155715942383
2023-05-18,"AAPL","Apple",172.481155395508
2023-05-19,"AAPL","Apple",172.589508056641
2023-05-22,"AAPL","Apple",171.643585205078
2023-05-23,"AAPL","Apple",169.042343139648
2023-05-24,"AAPL","Apple",169.318222045898
2023-05-25,"AAPL","Apple",170.451385498047
2023-05-26,"AAPL","Apple",172.855514526367
2023-05-30,"AAPL","Apple",174.698089599609
2023-05-31,"AAPL","Apple",174.648818969727
2023-06-01,"AAPL","Apple",177.447158813477
2023-06-02,"AAPL","Apple",178.294540405273
2023-06-05,"AAPL","Apple",176.944641113281
2023-06-06,"AAPL","Apple",176.580062866211
2023-06-07,"AAPL","Apple",175.21044921875
2023-06-08,"AAPL","Apple",177.920074462891
2023-06-09,"AAPL","Apple",178.304382324219
2023-06-12,"AAPL","Apple",181.092803955078
2023-06-13,"AAPL","Apple",180.619888305664
2023-06-14,"AAPL","Apple",181.250503540039
2023-06-15,"AAPL","Apple",183.280288696289
2023-06-16,"AAPL","Apple",182.206268310547
2023-06-20,"AAPL","Apple",182.294952392578
2023-06-21,"AAPL","Apple",181.260345458984
2023-06-22,"AAPL","Apple",184.255706787109
2023-06-23,"AAPL","Apple",183.9404296875
2023-06-26,"AAPL","Apple",182.551116943359
2023-06-27,"AAPL","Apple",185.300186157227
2023-06-28,"AAPL","Apple",186.472747802734
2023-06-29,"AAPL","Apple",186.807739257812
2023-06-30,"AAPL","Apple",191.123474121094
2023-07-03,"AAPL","Apple",189.635635375977
2023-07-05,"AAPL","Apple",188.522186279297
2023-07-06,"AAPL","Apple",188.995162963867
2023-07-07,"AAPL","Apple",187.881744384766
2023-07-10,"AAPL","Apple",185.84211730957
2023-07-11,"AAPL","Apple",185.319900512695
2023-07-12,"AAPL","Apple",186.985122680664
2023-07-13,"AAPL","Apple",187.743789672852
2023-07-14,"AAPL","Apple",187.891571044922
2023-07-17,"AAPL","Apple",191.143157958984
2023-07-18,"AAPL","Apple",190.886993408203
2023-07-19,"AAPL","Apple",192.236862182617
2023-07-20,"AAPL","Apple",190.295776367188
2023-07-21,"AAPL","Apple",189.123229980469
2023-07-24,"AAPL","Apple",189.921356201172
2023-07-25,"AAPL","Apple",190.778594970703
2023-07-26,"AAPL","Apple",191.645690917969
2023-07-27,"AAPL","Apple",190.384460449219
2023-07-28,"AAPL","Apple",192.956130981445
2023-07-31,"AAPL","Apple",193.567031860352
2023-08-01,"AAPL","Apple",192.739395141602
2023-08-02,"AAPL","Apple",189.753875732422
2023-08-03,"AAPL","Apple",188.364547729492
2023-08-04,"AAPL","Apple",179.319305419922
2023-08-07,"AAPL","Apple",176.225357055664
2023-08-08,"AAPL","Apple",177.161407470703
2023-08-09,"AAPL","Apple",175.575012207031
2023-08-10,"AAPL","Apple",175.358261108398
2023-08-11,"AAPL","Apple",175.417465209961
2023-08-14,"AAPL","Apple",177.065170288086
2023-08-15,"AAPL","Apple",175.082000732422
2023-08-16,"AAPL","Apple",174.213729858398
2023-08-17,"AAPL","Apple",171.678024291992
2023-08-18,"AAPL","Apple",172.161499023438
2023-08-21,"AAPL","Apple",173.493469238281
2023-08-22,"AAPL","Apple",174.864929199219
2023-08-23,"AAPL","Apple",178.703048706055
2023-08-24,"AAPL","Apple",174.026290893555
2023-08-25,"AAPL","Apple",176.226516723633
2023-08-28,"AAPL","Apple",177.785446166992
2023-08-29,"AAPL","Apple",181.662994384766
2023-08-30,"AAPL","Apple",185.145874023438
2023-08-31,"AAPL","Apple",185.36296081543
2023-09-01,"AAPL","Apple",186.931701660156
2023-09-05,"AAPL","Apple",187.168518066406
2023-09-06,"AAPL","Apple",180.469161987305
2023-09-07,"AAPL","Apple",175.190536499023
2023-09-08,"AAPL","Apple",175.80224609375
2023-09-11,"AAPL","Apple",176.966506958008
2023-09-12,"AAPL","Apple",173.947326660156
2023-09-13,"AAPL","Apple",171.885223388672
2023-09-14,"AAPL","Apple",173.39485168457
2023-09-15,"AAPL","Apple",172.674545288086
2023-09-18,"AAPL","Apple",175.595062255859
2023-09-19,"AAPL","Apple",176.680389404297
2023-09-20,"AAPL","Apple",173.148147583008
2023-09-21,"AAPL","Apple",171.608963012695
2023-09-22,"AAPL","Apple",172.457489013672
2023-09-25,"AAPL","Apple",173.730270385742
2023-09-26,"AAPL","Apple",169.665267944336
2023-09-27,"AAPL","Apple",168.155670166016
2023-09-28,"AAPL","Apple",168.412216186523
2023-09-29,"AAPL","Apple",168.925262451172
2023-10-02,"AAPL","Apple",171.431365966797
2023-10-03,"AAPL","Apple",170.099380493164
2023-10-04,"AAPL","Apple",171.342590332031
2023-10-05,"AAPL","Apple",172.575881958008
2023-10-06,"AAPL","Apple",175.121475219727
2023-10-09,"AAPL","Apple",176.601486206055
2023-10-10,"AAPL","Apple",176.009460449219
2023-10-11,"AAPL","Apple",177.400634765625
2023-10-12,"AAPL","Apple",178.298492431641
2023-10-13,"AAPL","Apple",176.463317871094
2023-10-16,"AAPL","Apple",176.335067749023
2023-10-17,"AAPL","Apple",174.786010742188
2023-10-18,"AAPL","Apple",173.493469238281
2023-10-19,"AAPL","Apple",173.118591308594
2023-10-20,"AAPL","Apple",170.572998046875
2023-10-23,"AAPL","Apple",170.691390991211
2023-10-24,"AAPL","Apple",171.125503540039
2023-10-25,"AAPL","Apple",168.81672668457
2023-10-26,"AAPL","Apple",164.66291809082
2023-10-27,"AAPL","Apple",165.975204467773
2023-10-30,"AAPL","Apple",168.017532348633
2023-10-31,"AAPL","Apple",168.491134643555
2023-11-01,"AAPL","Apple",171.6484375
2023-11-02,"AAPL","Apple",175.200393676758
2023-11-03,"AAPL","Apple",174.292663574219
2023-11-06,"AAPL","Apple",176.83821105957
2023-11-07,"AAPL","Apple",179.393692016602
2023-11-08,"AAPL","Apple",180.449401855469
2023-11-09,"AAPL","Apple",179.975799560547
2023-11-10,"AAPL","Apple",184.154861450195
2023-11-13,"AAPL","Apple",182.574127197266
2023-11-14,"AAPL","Apple",185.182373046875
2023-11-15,"AAPL","Apple",185.745483398438
2023-11-16,"AAPL","Apple",187.424987792969
2023-11-17,"AAPL","Apple",187.405242919922
2023-11-20,"AAPL","Apple",189.144027709961
2023-11-21,"AAPL","Apple",188.343795776367
2023-11-22,"AAPL","Apple",189.005722045898
2023-11-24,"AAPL","Apple",187.681869506836
2023-11-27,"AAPL","Apple",187.504028320312
2023-11-28,"AAPL","Apple",188.106674194336
2023-11-29,"AAPL","Apple",187.089096069336
2023-11-30,"AAPL","Apple",187.662094116211
2023-12-01,"AAPL","Apple",188.936569213867
2023-12-04,"AAPL","Apple",187.148345947266
2023-12-05,"AAPL","Apple",191.090270996094
2023-12-06,"AAPL","Apple",190.003555297852
2023-12-07,"AAPL","Apple",191.930068969727
2023-12-08,"AAPL","Apple",193.352722167969
2023-12-11,"AAPL","Apple",190.853179931641
2023-12-12,"AAPL","Apple",192.364776611328
2023-12-13,"AAPL","Apple",195.575637817383
2023-12-14,"AAPL","Apple",195.72380065918
2023-12-15,"AAPL","Apple",195.190338134766
2023-12-18,"AAPL","Apple",193.530578613281
2023-12-19,"AAPL","Apple",194.567901611328
2023-12-20,"AAPL","Apple",192.483322143555
2023-12-21,"AAPL","Apple",192.33512878418
2023-12-22,"AAPL","Apple",191.268127441406
2023-12-26,"AAPL","Apple",190.72477722168
2023-12-27,"AAPL","Apple",190.823547363281
2023-12-28,"AAPL","Apple",191.248382568359
2023-12-29,"AAPL","Apple",190.211013793945
2024-01-02,"AAPL","Apple",183.404022216797
2024-01-03,"AAPL","Apple",182.030746459961
2024-01-04,"AAPL","Apple",179.718948364258
2024-01-05,"AAPL","Apple",178.997741699219
2024-01-08,"AAPL","Apple",183.324981689453
2024-01-09,"AAPL","Apple",182.910018920898
2024-01-10,"AAPL","Apple",183.947387695312
2024-01-11,"AAPL","Apple",183.354583740234
2024-01-12,"AAPL","Apple",183.680633544922
2024-01-16,"AAPL","Apple",181.418212890625
2024-01-17,"AAPL","Apple",180.479644775391
2024-01-18,"AAPL","Apple",186.358016967773
2024-01-19,"AAPL","Apple",189.252731323242
2024-01-22,"AAPL","Apple",191.554626464844
2024-01-23,"AAPL","Apple",192.8291015625
2024-01-24,"AAPL","Apple",192.157318115234
2024-01-25,"AAPL","Apple",191.831268310547
2024-01-26,"AAPL","Apple",190.102355957031
2024-01-29,"AAPL","Apple",189.420654296875
2024-01-30,"AAPL","Apple",185.775100708008
2024-01-31,"AAPL","Apple",182.178955078125
2024-02-01,"AAPL","Apple",184.609298706055
2024-02-02,"AAPL","Apple",183.61149597168
2024-02-05,"AAPL","Apple",185.41943359375
2024-02-06,"AAPL","Apple",187.019943237305
2024-02-07,"AAPL","Apple",187.128616333008
2024-02-08,"AAPL","Apple",186.051712036133
2024-02-09,"AAPL","Apple",186.813415527344
2024-02-12,"AAPL","Apple",185.131774902344
2024-02-13,"AAPL","Apple",183.044509887695
2024-02-14,"AAPL","Apple",182.164093017578
2024-02-15,"AAPL","Apple",181.877227783203
2024-02-16,"AAPL","Apple",180.343948364258
2024-02-20,"AAPL","Apple",179.60205078125
2024-02-21,"AAPL","Apple",180.35383605957
2024-02-22,"AAPL","Apple",182.381744384766
2024-02-23,"AAPL","Apple",180.551696777344
2024-02-26,"AAPL","Apple",179.20637512207
2024-02-27,"AAPL","Apple",180.660522460938
2024-02-28,"AAPL","Apple",179.46354675293
2024-02-29,"AAPL","Apple",178.80078125
2024-03-01,"AAPL","Apple",177.722534179688
2024-03-04,"AAPL","Apple",173.211700439453
2024-03-05,"AAPL","Apple",168.285385131836
2024-03-06,"AAPL","Apple",167.296188354492
2024-03-07,"AAPL","Apple",167.177474975586
2024-03-08,"AAPL","Apple",168.888824462891
2024-03-11,"AAPL","Apple",170.887054443359
2024-03-12,"AAPL","Apple",171.361846923828
2024-03-13,"AAPL","Apple",169.284530639648
2024-03-14,"AAPL","Apple",171.134368896484
2024-03-15,"AAPL","Apple",170.758438110352
2024-03-18,"AAPL","Apple",171.846557617188
2024-03-19,"AAPL","Apple",174.18115234375
2024-03-20,"AAPL","Apple",176.743209838867
2024-03-21,"AAPL","Apple",169.521926879883
2024-03-22,"AAPL","Apple",170.422119140625
2024-03-25,"AAPL","Apple",169.007537841797
2024-03-26,"AAPL","Apple",167.879821777344
2024-03-27,"AAPL","Apple",171.440994262695
2024-03-28,"AAPL","Apple",169.630752563477
2024-04-01,"AAPL","Apple",168.196380615234
2024-04-02,"AAPL","Apple",167.019195556641
2024-04-03,"AAPL","Apple",167.820465087891
2024-04-04,"AAPL","Apple",166.999450683594
2024-04-05,"AAPL","Apple",167.751220703125
2024-04-08,"AAPL","Apple",166.633422851562
2024-04-09,"AAPL","Apple",167.840270996094
2024-04-10,"AAPL","Apple",165.970642089844
2024-04-11,"AAPL","Apple",173.15234375
2024-04-12,"AAPL","Apple",174.646072387695
2024-04-15,"AAPL","Apple",170.827667236328
2024-04-16,"AAPL","Apple",167.55339050293
2024-04-17,"AAPL","Apple",166.188262939453
2024-04-18,"AAPL","Apple",165.238616943359
2024-04-19,"AAPL","Apple",163.220626831055
2024-04-22,"AAPL","Apple",164.051544189453
2024-04-23,"AAPL","Apple",165.100128173828
2024-04-24,"AAPL","Apple",167.197296142578
2024-04-25,"AAPL","Apple",168.057907104492
2024-04-26,"AAPL","Apple",167.474243164062
2024-04-29,"AAPL","Apple",171.628967285156
2024-04-30,"AAPL","Apple",168.493103027344
2024-05-01,"AAPL","Apple",167.474243164062
2024-05-02,"AAPL","Apple",171.164031982422
2024-05-03,"AAPL","Apple",181.402420043945
2024-05-06,"AAPL","Apple",179.750427246094
2024-05-07,"AAPL","Apple",180.432952880859
2024-05-08,"AAPL","Apple",180.769302368164
2024-05-09,"AAPL","Apple",182.579605102539
2024-05-10,"AAPL","Apple",181.321594238281
2024-05-13,"AAPL","Apple",184.521087646484
2024-05-14,"AAPL","Apple",185.660202026367
2024-05-15,"AAPL","Apple",187.928604125977
2024-05-16,"AAPL","Apple",188.047470092773
2024-05-17,"AAPL","Apple",188.077178955078
2024-05-20,"AAPL","Apple",189.236129760742
2024-05-21,"AAPL","Apple",190.533752441406
2024-05-22,"AAPL","Apple",189.097442626953
2024-05-23,"AAPL","Apple",185.115417480469
2024-05-24,"AAPL","Apple",188.186111450195
2024-05-28,"AAPL","Apple",188.196060180664
2024-05-29,"AAPL","Apple",188.493209838867
2024-05-30,"AAPL","Apple",189.483749389648
2024-05-31,"AAPL","Apple",190.434722900391
2024-06-03,"AAPL","Apple",192.197891235352
2024-06-04,"AAPL","Apple",192.514877319336
2024-06-05,"AAPL","Apple",194.020523071289
2024-06-06,"AAPL","Apple",192.643630981445
2024-06-07,"AAPL","Apple",195.030899047852
2024-06-10,"AAPL","Apple",191.296493530273
2024-06-11,"AAPL","Apple",205.193984985352
2024-06-12,"AAPL","Apple",211.058120727539
2024-06-13,"AAPL","Apple",212.217056274414
2024-06-14,"AAPL","Apple",210.483612060547
2024-06-17,"AAPL","Apple",214.624130249023
2024-06-18,"AAPL","Apple",212.266571044922
2024-06-20,"AAPL","Apple",207.700103759766
2024-06-21,"AAPL","Apple",205.530807495117
2024-06-24,"AAPL","Apple",206.174697875977
2024-06-25,"AAPL","Apple",207.095916748047
2024-06-26,"AAPL","Apple",211.236404418945
2024-06-27,"AAPL","Apple",212.078399658203
2024-06-28,"AAPL","Apple",208.631256103516
2024-07-01,"AAPL","Apple",214.703369140625
2024-07-02,"AAPL","Apple",218.19010925293
2024-07-03,"AAPL","Apple",219.458038330078
2024-07-05,"AAPL","Apple",224.202835083008
2024-07-08,"AAPL","Apple",225.668823242188
2024-07-09,"AAPL","Apple",226.520706176758
2024-07-10,"AAPL","Apple",230.780120849609
2024-07-11,"AAPL","Apple",225.421203613281
2024-07-12,"AAPL","Apple",228.363143920898
2024-07-15,"AAPL","Apple",232.186721801758
2024-07-16,"AAPL","Apple",232.602737426758
2024-07-17,"AAPL","Apple",226.718856811523
2024-07-18,"AAPL","Apple",222.063186645508
2024-07-19,"AAPL","Apple",222.191986083984
2024-07-22,"AAPL","Apple",221.845291137695
2024-07-23,"AAPL","Apple",222.885360717773
2024-07-24,"AAPL","Apple",216.476455688477
2024-07-25,"AAPL","Apple",215.436401367188
2024-07-26,"AAPL","Apple",215.901947021484
2024-07-29,"AAPL","Apple",216.179306030273
2024-07-30,"AAPL","Apple",216.73405456543
2024-07-31,"AAPL","Apple",219.983032226562
2024-08-01,"AAPL","Apple",216.298156738281
2024-08-02,"AAPL","Apple",217.783996582031
2024-08-05,"AAPL","Apple",207.294006347656
2024-08-06,"AAPL","Apple",205.273239135742
2024-08-07,"AAPL","Apple",207.838806152344
2024-08-08,"AAPL","Apple",211.295852661133
2024-08-09,"AAPL","Apple",214.198196411133
2024-08-12,"AAPL","Apple",215.725433349609
2024-08-13,"AAPL","Apple",219.43440246582
2024-08-14,"AAPL","Apple",219.880676269531
2024-08-15,"AAPL","Apple",222.855758666992
2024-08-16,"AAPL","Apple",224.174743652344
2024-08-19,"AAPL","Apple",224.016052246094
2024-08-20,"AAPL","Apple",224.630905151367
2024-08-21,"AAPL","Apple",224.521820068359
2024-08-22,"AAPL","Apple",222.667343139648
2024-08-23,"AAPL","Apple",224.958190917969
2024-08-26,"AAPL","Apple",225.295349121094
2024-08-27,"AAPL","Apple",226.138320922852
2024-08-28,"AAPL","Apple",224.611083984375
2024-08-29,"AAPL","Apple",227.883697509766
2024-08-30,"AAPL","Apple",227.100250244141
2024-09-03,"AAPL","Apple",220.921951293945
2024-09-04,"AAPL","Apple",219.017883300781
2024-09-05,"AAPL","Apple",220.535202026367
2024-09-06,"AAPL","Apple",218.988128662109
2024-09-09,"AAPL","Apple",219.077392578125
2024-09-10,"AAPL","Apple",218.283981323242
2024-09-11,"AAPL","Apple",220.812866210938
2024-09-12,"AAPL","Apple",220.921951293945
2024-09-13,"AAPL","Apple",220.654190063477
2024-09-16,"AAPL","Apple",214.525466918945
2024-09-17,"AAPL","Apple",214.991546630859
2024-09-18,"AAPL","Apple",218.85920715332
2024-09-19,"AAPL","Apple",226.971343994141
2024-09-20,"AAPL","Apple",226.306900024414
2024-09-23,"AAPL","Apple",224.591247558594
2024-09-24,"AAPL","Apple",225.483795166016
2024-09-25,"AAPL","Apple",224.492065429688
2024-09-26,"AAPL","Apple",225.632537841797
2024-09-27,"AAPL","Apple",225.900268554688
2024-09-30,"AAPL","Apple",231.067077636719
2024-10-01,"AAPL","Apple",224.333419799805
2024-10-02,"AAPL","Apple",224.898666381836
2024-10-03,"AAPL","Apple",223.797897338867
2024-10-04,"AAPL","Apple",224.918533325195
2024-10-07,"AAPL","Apple",219.850891113281
2024-10-08,"AAPL","Apple",223.897048950195
2024-10-09,"AAPL","Apple",227.635803222656
2024-10-10,"AAPL","Apple",227.139907836914
2024-10-11,"AAPL","Apple",225.662322998047
2024-10-14,"AAPL","Apple",229.381195068359
2024-10-15,"AAPL","Apple",231.910034179688
2024-10-16,"AAPL","Apple",229.857192993164
2024-10-17,"AAPL","Apple",230.22412109375
2024-10-18,"AAPL","Apple",233.050476074219
2024-10-21,"AAPL","Apple",234.518218994141
2024-10-22,"AAPL","Apple",233.903366088867
2024-10-23,"AAPL","Apple",228.845657348633
2024-10-24,"AAPL","Apple",228.657257080078
2024-10-25,"AAPL","Apple",229.490280151367
2024-10-28,"AAPL","Apple",231.463760375977
2024-10-29,"AAPL","Apple",231.731521606445
2024-10-30,"AAPL","Apple",228.191116333008
2024-10-31,"AAPL","Apple",224.035888671875
2024-11-01,"AAPL","Apple",221.060791015625
2024-11-04,"AAPL","Apple",220.168212890625
2024-11-05,"AAPL","Apple",221.596282958984
2024-11-06,"AAPL","Apple",220.872360229492
2024-11-07,"AAPL","Apple",225.592880249023
2024-11-08,"AAPL","Apple",225.324829101562
2024-11-11,"AAPL","Apple",222.614501953125
2024-11-12,"AAPL","Apple",222.614501953125
2024-11-13,"AAPL","Apple",223.498092651367
2024-11-14,"AAPL","Apple",226.575729370117
2024-11-15,"AAPL","Apple",223.37890625
2024-11-18,"AAPL","Apple",226.377166748047
2024-11-19,"AAPL","Apple",226.635314941406
2024-11-20,"AAPL","Apple",227.350112915039
2024-11-21,"AAPL","Apple",226.873550415039
2024-11-22,"AAPL","Apple",228.213836669922
2024-11-25,"AAPL","Apple",231.192230224609
2024-11-26,"AAPL","Apple",233.366439819336
2024-11-27,"AAPL","Apple",233.237396240234
2024-11-29,"AAPL","Apple",235.620101928711
2024-12-02,"AAPL","Apple",237.863815307617
2024-12-03,"AAPL","Apple",240.901779174805
2024-12-04,"AAPL","Apple",241.259170532227
2024-12-05,"AAPL","Apple",241.288955688477
2024-12-06,"AAPL","Apple",241.090408325195
2024-12-09,"AAPL","Apple",244.972244262695
2024-12-10,"AAPL","Apple",245.984878540039
2024-12-11,"AAPL","Apple",244.714111328125
2024-12-12,"AAPL","Apple",246.173522949219
2024-12-13,"AAPL","Apple",246.342300415039
2024-12-16,"AAPL","Apple",249.231292724609
2024-12-17,"AAPL","Apple",251.653732299805
2024-12-18,"AAPL","Apple",246.262893676758
2024-12-19,"AAPL","Apple",247.990341186523
2024-12-20,"AAPL","Apple",252.656494140625
2024-12-23,"AAPL","Apple",253.430847167969
2024-12-24,"AAPL","Apple",256.339752197266
2024-12-26,"AAPL","Apple",257.153839111328
2024-12-27,"AAPL","Apple",253.748550415039
2024-12-30,"AAPL","Apple",250.382965087891
2024-12-31,"AAPL","Apple",248.615798950195
2025-01-02,"AAPL","Apple",242.093139648438
2025-01-03,"AAPL","Apple",241.606674194336
2025-01-06,"AAPL","Apple",243.234848022461
2025-01-07,"AAPL","Apple",240.464950561523
2025-01-08,"AAPL","Apple",240.951385498047
2025-01-10,"AAPL","Apple",235.1435546875
2025-01-13,"AAPL","Apple",232.711212158203
2025-01-14,"AAPL","Apple",231.599273681641
2025-01-15,"AAPL","Apple",236.156204223633
2025-01-16,"AAPL","Apple",226.615463256836
2025-01-17,"AAPL","Apple",228.323059082031
2025-01-21,"AAPL","Apple",221.035949707031
2025-01-22,"AAPL","Apple",222.217361450195
2025-01-23,"AAPL","Apple",222.048599243164
2025-01-24,"AAPL","Apple",221.174942016602
2025-01-27,"AAPL","Apple",228.20393371582
2025-01-28,"AAPL","Apple",236.543411254883
2025-01-29,"AAPL","Apple",237.635498046875
2025-01-30,"AAPL","Apple",235.878234863281
2025-01-31,"AAPL","Apple",234.299697875977
2025-02-03,"AAPL","Apple",226.367248535156
2025-02-04,"AAPL","Apple",231.122741699219
2025-02-05,"AAPL","Apple",230.795120239258
2025-02-06,"AAPL","Apple",231.539733886719
2025-02-07,"AAPL","Apple",225.989990234375
2025-02-10,"AAPL","Apple",226.258331298828
2025-02-11,"AAPL","Apple",231.197952270508
2025-02-12,"AAPL","Apple",235.421951293945
2025-02-13,"AAPL","Apple",240.053497314453
2025-02-14,"AAPL","Apple",243.104721069336
2025-02-18,"AAPL","Apple",242.975509643555
2025-02-19,"AAPL","Apple",243.373062133789
2025-02-20,"AAPL","Apple",244.327209472656
2025-02-21,"AAPL","Apple",244.048904418945
2025-02-24,"AAPL","Apple",245.589431762695
2025-02-25,"AAPL","Apple",245.529800415039
2025-02-26,"AAPL","Apple",238.890655517578
2025-02-27,"AAPL","Apple",235.849334716797
2025-02-28,"AAPL","Apple",240.361572265625
2025-03-03,"AAPL","Apple",236.574890136719
2025-03-04,"AAPL","Apple",234.487701416016
2025-03-05,"AAPL","Apple",234.298889160156
2025-03-06,"AAPL","Apple",233.891403198242
2025-03-07,"AAPL","Apple",237.608535766602
2025-03-10,"AAPL","Apple",226.089385986328
2025-03-11,"AAPL","Apple",219.489959716797
2025-03-12,"AAPL","Apple",215.653564453125
2025-03-13,"AAPL","Apple",208.398193359375
2025-03-14,"AAPL","Apple",212.18489074707
2025-03-17,"AAPL","Apple",212.691772460938
2025-03-18,"AAPL","Apple",211.389785766602
2025-03-19,"AAPL","Apple",213.924179077148
2025-03-20,"AAPL","Apple",212.791198730469
2025-03-21,"AAPL","Apple",216.935668945312
2025-03-24,"AAPL","Apple",219.380630493164
2025-03-25,"AAPL","Apple",222.382186889648
2025-03-26,"AAPL","Apple",220.175765991211
2025-03-27,"AAPL","Apple",222.481582641602
2025-03-28,"AAPL","Apple",216.567947387695
2025-03-31,"AAPL","Apple",220.772079467773
2025-04-01,"AAPL","Apple",221.825607299805
2025-04-02,"AAPL","Apple",222.521331787109
2025-04-03,"AAPL","Apple",201.947830200195
2025-04-04,"AAPL","Apple",187.228408813477
2025-04-07,"AAPL","Apple",180.350708007812
2025-04-08,"AAPL","Apple",171.365951538086
2025-04-09,"AAPL","Apple",197.634414672852
2025-04-10,"AAPL","Apple",189.255920410156
2025-04-11,"AAPL","Apple",196.938659667969
2025-04-14,"AAPL","Apple",201.281967163086
2025-04-15,"AAPL","Apple",200.904266357422
2025-04-16,"AAPL","Apple",193.082397460938
2025-04-17,"AAPL","Apple",195.775817871094
2025-04-21,"AAPL","Apple",191.979187011719
2025-04-22,"AAPL","Apple",198.518951416016
2025-04-23,"AAPL","Apple",203.349258422852
2025-04-24,"AAPL","Apple",207.096221923828
2025-04-25,"AAPL","Apple",208.000625610352
2025-04-28,"AAPL","Apple",208.855377197266
2025-04-29,"AAPL","Apple",209.918838500977
2025-04-30,"AAPL","Apple",211.200973510742
2025-05-01,"AAPL","Apple",212.015960693359
2025-05-02,"AAPL","Apple",204.094665527344
2025-05-05,"AAPL","Apple",197.67414855957
2025-05-06,"AAPL","Apple",197.296463012695
2025-05-07,"AAPL","Apple",195.05029296875
2025-05-08,"AAPL","Apple",196.28271484375
2025-05-09,"AAPL","Apple",197.316360473633
2025-05-12,"AAPL","Apple",209.776138305664
2025-05-13,"AAPL","Apple",211.905838012695
2025-05-14,"AAPL","Apple",211.308715820312
2025-05-15,"AAPL","Apple",210.432968139648
2025-05-16,"AAPL","Apple",210.243881225586
2025-05-19,"AAPL","Apple",207.775802612305
2025-05-20,"AAPL","Apple",205.865051269531
2025-05-21,"AAPL","Apple",201.117965698242
2025-05-22,"AAPL","Apple",200.391479492188
2025-05-23,"AAPL","Apple",194.330795288086
2025-05-27,"AAPL","Apple",199.247024536133
2025-05-28,"AAPL","Apple",199.456008911133
2025-05-29,"AAPL","Apple",198.988265991211
2025-05-30,"AAPL","Apple",199.883941650391
2025-06-02,"AAPL","Apple",200.729843139648
2025-06-03,"AAPL","Apple",202.292297363281
2025-06-04,"AAPL","Apple",201.844482421875
2025-06-05,"AAPL","Apple",199.665023803711
2025-06-06,"AAPL","Apple",202.939178466797
2025-06-09,"AAPL","Apple",200.481063842773
2025-06-10,"AAPL","Apple",201.695190429688
2025-06-11,"AAPL","Apple",197.82389831543
2025-06-12,"AAPL","Apple",198.24186706543
2025-06-13,"AAPL","Apple",195.505096435547
2025-06-16,"AAPL","Apple",197.465637207031
2025-06-17,"AAPL","Apple",194.698989868164
2025-06-18,"AAPL","Apple",195.634475708008
2025-06-20,"AAPL","Apple",200.033218383789
2025-06-23,"AAPL","Apple",200.530838012695
2025-06-24,"AAPL","Apple",199.33659362793
2025-06-25,"AAPL","Apple",200.590530395508
2025-06-26,"AAPL","Apple",200.033218383789
2025-06-27,"AAPL","Apple",200.112823486328
2025-06-30,"AAPL","Apple",204.183151245117
2025-07-01,"AAPL","Apple",206.820419311523
2025-07-02,"AAPL","Apple",211.418197631836
2025-07-03,"AAPL","Apple",212.522872924805
2025-07-07,"AAPL","Apple",208.940155029297
2025-07-08,"AAPL","Apple",208.999893188477
2025-07-09,"AAPL","Apple",210.124450683594
2025-07-10,"AAPL","Apple",211.388336181641
2025-07-11,"AAPL","Apple",210.144348144531
2025-07-14,"AAPL","Apple",207.616561889648
2025-07-15,"AAPL","Apple",208.104232788086
2025-07-16,"AAPL","Apple",209.149200439453
2025-07-17,"AAPL","Apple",209.009841918945
2025-07-18,"AAPL","Apple",210.164245605469
2025-07-21,"AAPL","Apple",211.457992553711
2025-07-22,"AAPL","Apple",213.368789672852
2025-07-23,"AAPL","Apple",213.119979858398
2025-07-24,"AAPL","Apple",212.731842041016
2025-07-25,"AAPL","Apple",212.851272583008
2025-07-28,"AAPL","Apple",213.020462036133
2025-07-29,"AAPL","Apple",210.253829956055
2025-07-30,"AAPL","Apple",208.044494628906
2025-07-31,"AAPL","Apple",206.571640014648
2025-08-01,"AAPL","Apple",201.406600952148
2025-08-04,"AAPL","Apple",202.371932983398
2025-08-05,"AAPL","Apple",201.944000244141
2025-08-06,"AAPL","Apple",212.224319458008
2025-08-07,"AAPL","Apple",218.971694946289
2025-08-08,"AAPL","Apple",228.246871948242
2025-08-11,"AAPL","Apple",226.343872070312
2025-08-12,"AAPL","Apple",228.804794311523
2025-08-13,"AAPL","Apple",232.471252441406
2025-08-14,"AAPL","Apple",231.923294067383
2025-08-15,"AAPL","Apple",230.737640380859
2025-08-18,"AAPL","Apple",230.040237426758
2025-08-19,"AAPL","Apple",229.711441040039
2025-08-20,"AAPL","Apple",225.178192138672
2025-08-21,"AAPL","Apple",224.072296142578
2025-08-22,"AAPL","Apple",226.921752929688
2025-08-25,"AAPL","Apple",226.323959350586
2025-08-26,"AAPL","Apple",228.466049194336
2025-08-27,"AAPL","Apple",229.641708374023
2025-08-28,"AAPL","Apple",231.704086303711
2025-08-29,"AAPL","Apple",231.285629272461
2025-09-02,"AAPL","Apple",228.874557495117
2025-09-03,"AAPL","Apple",237.592346191406
2025-09-04,"AAPL","Apple",238.897506713867
2025-09-05,"AAPL","Apple",238.807846069336
2025-09-08,"AAPL","Apple",237.004516601562
2025-09-09,"AAPL","Apple",233.487503051758
2025-09-10,"AAPL","Apple",225.955322265625
2025-09-11,"AAPL","Apple",229.183395385742
2025-09-12,"AAPL","Apple",233.208541870117
2025-09-15,"AAPL","Apple",235.828857421875
2025-09-16,"AAPL","Apple",237.273498535156
2025-09-17,"AAPL","Apple",238.110443115234
2025-09-18,"AAPL","Apple",237.004516601562
2025-09-19,"AAPL","Apple",244.596450805664
2025-09-22,"AAPL","Apple",255.137512207031
2025-09-23,"AAPL","Apple",253.493606567383
2025-09-24,"AAPL","Apple",251.381393432617
2025-09-25,"AAPL","Apple",255.924606323242
2025-09-26,"AAPL","Apple",254.519805908203
2025-09-29,"AAPL","Apple",253.493606567383
2025-09-30,"AAPL","Apple",253.692855834961
2025-10-01,"AAPL","Apple",254.509841918945
2025-10-02,"AAPL","Apple",256.183685302734
2025-10-03,"AAPL","Apple",257.070404052734
2025-10-06,"AAPL","Apple",255.745269775391
2025-10-07,"AAPL","Apple",255.536071777344
2025-10-08,"AAPL","Apple",257.110229492188
2025-10-09,"AAPL","Apple",253.105041503906
2025-10-10,"AAPL","Apple",244.367309570312
2025-10-13,"AAPL","Apple",246.748519897461
2025-10-14,"AAPL","Apple",246.858108520508
2025-10-15,"AAPL","Apple",248.422332763672
2025-10-16,"AAPL","Apple",246.539291381836
2025-10-17,"AAPL","Apple",251.361465454102
2025-10-20,"AAPL","Apple",261.274841308594
2025-10-21,"AAPL","Apple",261.802886962891
2025-10-22,"AAPL","Apple",257.498779296875
2025-10-23,"AAPL","Apple",258.624633789062
2025-10-24,"AAPL","Apple",261.852752685547
2025-10-27,"AAPL","Apple",267.820678710938
2025-10-28,"AAPL","Apple",268.009979248047
2025-10-29,"AAPL","Apple",268.707397460938
2025-10-30,"AAPL","Apple",270.401123046875
2025-10-31,"AAPL","Apple",269.374938964844
2025-11-03,"AAPL","Apple",268.059753417969
2025-11-04,"AAPL","Apple",269.046142578125
2025-11-05,"AAPL","Apple",269.145812988281
2025-11-06,"AAPL","Apple",268.777130126953
2025-11-07,"AAPL","Apple",267.48193359375
2025-11-10,"AAPL","Apple",268.698608398438
2025-11-11,"AAPL","Apple",274.502838134766
2025-11-12,"AAPL","Apple",272.727630615234
2025-11-13,"AAPL","Apple",272.209075927734
2025-11-14,"AAPL","Apple",271.670532226562
2025-11-17,"AAPL","Apple",266.733947753906
2025-11-18,"AAPL","Apple",266.714019775391
2025-11-19,"AAPL","Apple",267.830963134766
2025-11-20,"AAPL","Apple",265.527252197266
2025-11-21,"AAPL","Apple",270.753021240234
2025-11-24,"AAPL","Apple",275.171020507812
2025-11-25,"AAPL","Apple",276.218139648438
2025-11-26,"AAPL","Apple",276.796569824219
2025-11-28,"AAPL","Apple",278.093017578125
2025-12-01,"AAPL","Apple",282.331481933594
2025-12-02,"AAPL","Apple",285.413116455078
2025-12-03,"AAPL","Apple",283.378662109375
2025-12-04,"AAPL","Apple",279.938049316406
2025-12-05,"AAPL","Apple",278.023254394531
2025-12-08,"AAPL","Apple",277.135650634766
2025-12-09,"AAPL","Apple",276.427581787109
2025-12-10,"AAPL","Apple",278.023254394531
2025-12-11,"AAPL","Apple",277.275238037109
2025-12-12,"AAPL","Apple",277.524597167969
2025-12-15,"AAPL","Apple",273.365875244141
2025-12-16,"AAPL","Apple",273.864532470703
2025-12-17,"AAPL","Apple",271.10205078125
2025-12-18,"AAPL","Apple",271.451110839844
2025-12-19,"AAPL","Apple",272.927124023438
2025-12-22,"AAPL","Apple",270.234466552734
2025-12-23,"AAPL","Apple",271.620666503906
2025-12-24,"AAPL","Apple",273.066741943359
2025-12-26,"AAPL","Apple",272.657806396484
2025-12-29,"AAPL","Apple",273.016876220703
2025-12-30,"AAPL","Apple",272.338684082031
2025-12-31,"AAPL","Apple",271.122009277344
2026-01-02,"AAPL","Apple",270.274322509766
2026-01-05,"AAPL","Apple",266.534515380859
2026-01-06,"AAPL","Apple",261.647796630859
2026-01-07,"AAPL","Apple",259.623291015625
2026-01-08,"AAPL","Apple",258.336853027344
2026-01-09,"AAPL","Apple",258.665924072266
2026-01-12,"AAPL","Apple",259.543518066406
2026-01-13,"AAPL","Apple",260.341339111328
2026-01-14,"AAPL","Apple",259.254333496094
2026-01-15,"AAPL","Apple",257.509063720703
2026-01-16,"AAPL","Apple",254.836349487305
2026-01-20,"AAPL","Apple",246.030319213867
2026-01-21,"AAPL","Apple",246.977752685547
2026-01-22,"AAPL","Apple",247.675842285156
2026-01-23,"AAPL","Apple",247.366683959961
2026-01-26,"AAPL","Apple",254.716674804688
2026-01-27,"AAPL","Apple",257.568878173828
2026-01-28,"AAPL","Apple",255.743881225586
2026-01-29,"AAPL","Apple",257.578887939453
2026-01-30,"AAPL","Apple",258.775634765625
2026-02-02,"AAPL","Apple",269.277069091797
2026-02-03,"AAPL","Apple",268.748504638672
2026-02-04,"AAPL","Apple",275.739440917969
2026-02-05,"AAPL","Apple",275.161010742188
2026-02-06,"AAPL","Apple",277.365020751953
2026-02-09,"AAPL","Apple",274.130798339844
2026-02-10,"AAPL","Apple",273.192443847656
2026-02-11,"AAPL","Apple",275.009216308594
2026-02-12,"AAPL","Apple",261.263763427734
2026-02-13,"AAPL","Apple",255.324356079102
2026-02-17,"AAPL","Apple",263.409942626953
2026-02-18,"AAPL","Apple",263.879119873047
2026-02-19,"AAPL","Apple",260.115783691406
2026-02-20,"AAPL","Apple",264.108673095703
2026-02-23,"AAPL","Apple",265.705810546875
2026-02-24,"AAPL","Apple",271.655242919922
2026-02-25,"AAPL","Apple",273.741516113281
2026-02-26,"AAPL","Apple",272.463775634766
2026-02-27,"AAPL","Apple",263.709411621094
2026-03-02,"AAPL","Apple",264.248413085938
2026-03-03,"AAPL","Apple",263.280181884766
2026-03-04,"AAPL","Apple",262.052337646484
2026-03-05,"AAPL","Apple",259.826324462891
2026-03-06,"AAPL","Apple",257.001342773438
2026-03-09,"AAPL","Apple",259.417053222656
2026-03-10,"AAPL","Apple",260.365356445312
2026-03-11,"AAPL","Apple",260.345397949219
2026-03-12,"AAPL","Apple",255.304397583008
2026-03-13,"AAPL","Apple",249.674438476562
2026-03-16,"AAPL","Apple",252.369644165039
2026-03-17,"AAPL","Apple",253.777114868164
2026-03-18,"AAPL","Apple",249.494766235352
2026-03-19,"AAPL","Apple",248.516525268555
2026-03-20,"AAPL","Apple",247.548233032227
2026-03-23,"AAPL","Apple",251.042007446289
2026-03-24,"AAPL","Apple",251.19172668457
2026-03-25,"AAPL","Apple",252.169982910156
2026-03-26,"AAPL","Apple",252.439514160156
2026-03-27,"AAPL","Apple",248.356796264648
2026-03-30,"AAPL","Apple",246.190658569336
2026-03-31,"AAPL","Apple",253.337905883789
2026-04-01,"AAPL","Apple",255.17463684082
2026-04-02,"AAPL","Apple",255.464111328125
2026-04-06,"AAPL","Apple",258.398864746094
2026-04-07,"AAPL","Apple",253.048416137695
2026-04-08,"AAPL","Apple",258.438812255859
2026-04-09,"AAPL","Apple",260.025970458984
2026-04-10,"AAPL","Apple",260.015991210938
2026-04-13,"AAPL","Apple",258.73828125
2026-04-14,"AAPL","Apple",258.368927001953
2026-04-15,"AAPL","Apple",265.955383300781
2026-04-16,"AAPL","Apple",262.930786132812
2026-04-17,"AAPL","Apple",269.748626708984
2026-04-20,"AAPL","Apple",272.563568115234
2026-04-21,"AAPL","Apple",265.695861816406
2026-04-22,"AAPL","Apple",272.683410644531
2026-04-23,"AAPL","Apple",272.942901611328
2026-04-24,"AAPL","Apple",270.577117919922
2026-04-27,"AAPL","Apple",267.133270263672
2026-04-28,"AAPL","Apple",270.227752685547
2026-04-29,"AAPL","Apple",269.688720703125
2026-04-30,"AAPL","Apple",270.866638183594
2026-05-01,"AAPL","Apple",279.640991210938
2026-05-04,"AAPL","Apple",276.336822509766
2026-05-05,"AAPL","Apple",283.673767089844
2026-05-06,"AAPL","Apple",286.997863769531
2026-05-07,"AAPL","Apple",286.927978515625
2026-05-08,"AAPL","Apple",292.797485351562
2026-05-11,"AAPL","Apple",292.427795410156
2026-05-12,"AAPL","Apple",294.545959472656
2026-05-13,"AAPL","Apple",298.612457275391
2026-05-14,"AAPL","Apple",297.953033447266
2026-05-15,"AAPL","Apple",299.971313476562
2026-05-18,"AAPL","Apple",297.583343505859
2026-05-19,"AAPL","Apple",298.712371826172
2026-05-20,"AAPL","Apple",301.989562988281
2026-05-21,"AAPL","Apple",304.727172851562
2026-05-22,"AAPL","Apple",308.553894042969
2026-05-26,"AAPL","Apple",308.064300537109
2026-05-27,"AAPL","Apple",310.582153320312
2026-05-28,"AAPL","Apple",312.24072265625
2026-05-29,"AAPL","Apple",311.791107177734
2026-06-01,"AAPL","Apple",306.046051025391
2026-06-02,"AAPL","Apple",314.928405761719
2026-06-03,"AAPL","Apple",309.992645263672
2026-06-04,"AAPL","Apple",310.961822509766
2026-06-05,"AAPL","Apple",307.075164794922
2026-06-08,"AAPL","Apple",301.280181884766
2026-06-09,"AAPL","Apple",290.299621582031
2026-06-10,"AAPL","Apple",291.328735351562
2026-06-11,"AAPL","Apple",295.375244140625
2026-06-12,"AAPL","Apple",290.879150390625
2026-06-15,"AAPL","Apple",296.164581298828
2026-06-16,"AAPL","Apple",298.982147216797
2026-06-17,"AAPL","Apple",295.694976806641
2026-06-18,"AAPL","Apple",297.753204345703
2026-06-22,"AAPL","Apple",296.754089355469
2026-06-23,"AAPL","Apple",294.04638671875
2026-06-24,"AAPL","Apple",292.827423095703
2026-06-25,"AAPL","Apple",274.912902832031
2026-06-26,"AAPL","Apple",283.535461425781
2026-06-29,"AAPL","Apple",281.497222900391
2026-06-30,"AAPL","Apple",289.110656738281
2026-07-01,"AAPL","Apple",294.126342773438
2026-07-02,"AAPL","Apple",308.364044189453
2026-07-06,"AAPL","Apple",312.390594482422
2026-07-07,"AAPL","Apple",310.392303466797
2026-07-08,"AAPL","Apple",313.119964599609
2026-07-09,"AAPL","Apple",315.947509765625
2026-07-10,"AAPL","Apple",315.048309326172
2026-07-13,"AAPL","Apple",317.036560058594
2026-07-14,"AAPL","Apple",314.588684082031
2026-07-15,"AAPL","Apple",327.217803955078
2026-07-16,"AAPL","Apple",332.972839355469
2026-07-17,"AAPL","Apple",333.452392578125
2026-07-20,"AAPL","Apple",326.308563232422
2026-07-21,"AAPL","Apple",327.457580566406
2026-07-22,"AAPL","Apple",325.609191894531
2026-07-23,"AAPL","Apple",321.382843017578
2026-07-24,"AAPL","Apple",332.733032226562
2026-07-27,"AAPL","Apple",336.619689941406
2026-07-28,"AAPL","Apple",339.786926269531
2026-07-29,"AAPL","Apple",337.898590087891
2026-07-30,"AAPL","Apple",333.142669677734
2026-07-31,"AAPL","Apple",308.643829345703
2026-08-03,"AAPL","Apple",303.158569335938
2026-08-04,"AAPL","Apple",309.113403320312
2026-08-05,"AAPL","Apple",310.732025146484
2026-08-06,"AAPL","Apple",312.140808105469
2026-08-07,"AAPL","Apple",313.059997558594
2026-08-10,"AAPL","Apple",308.260009765625
2026-08-11,"AAPL","Apple",304.910003662109
2026-08-12,"AAPL","Apple",302.25
2026-08-13,"AAPL","Apple",305.260009765625
2026-08-14,"AAPL","Apple",305.929992675781
2026-08-17,"AAPL","Apple",305.589996337891
2026-08-18,"AAPL","Apple",310.029998779297
2026-08-19,"AAPL","Apple",316.829986572266
2026-08-20,"AAPL","Apple",311.299987792969
2026-08-21,"AAPL","Apple",309.350006103516
2026-08-24,"AAPL","Apple",310.339996337891
2026-08-25,"AAPL","Apple",309.899993896484
2026-08-26,"AAPL","Apple",313.450012207031
2026-08-27,"AAPL","Apple",314.579986572266
2026-08-28,"AAPL","Apple",319.700012207031
2026-08-31,"AAPL","Apple",316.850006103516
2026-09-01,"AAPL","Apple",325.130004882812
2026-09-02,"AAPL","Apple",324.959991455078
2026-09-03,"AAPL","Apple",328.209991455078
2026-09-04,"AAPL","Apple",319.970001220703
2026-09-08,"AAPL","Apple",316.220001220703
2026-09-09,"AAPL","Apple",315.339996337891
2026-09-10,"AAPL","Apple",326.570007324219
2026-09-11,"AAPL","Apple",332.269989013672
2026-09-14,"AAPL","Apple",333.079986572266
2026-09-15,"AAPL","Apple",331.339996337891
2026-09-16,"AAPL","Apple",332.410003662109
2022-01-03,"GOOGL","Alphabet",143.624786376953
2022-01-04,"GOOGL","Alphabet",143.038391113281
2022-01-05,"GOOGL","Alphabet",136.476333618164
2022-01-06,"GOOGL","Alphabet",136.449081420898
2022-01-07,"GOOGL","Alphabet",135.725463867188
2022-01-10,"GOOGL","Alphabet",137.362396240234
2022-01-11,"GOOGL","Alphabet",138.418838500977
2022-01-12,"GOOGL","Alphabet",140.097381591797
2022-01-13,"GOOGL","Alphabet",137.280685424805
2022-01-14,"GOOGL","Alphabet",138.165771484375
2022-01-18,"GOOGL","Alphabet",134.716079711914
2022-01-19,"GOOGL","Alphabet",133.842895507812
2022-01-20,"GOOGL","Alphabet",132.050918579102
2022-01-21,"GOOGL","Alphabet",129.122817993164
2022-01-24,"GOOGL","Alphabet",129.571029663086
2022-01-25,"GOOGL","Alphabet",125.73851776123
2022-01-26,"GOOGL","Alphabet",128.014846801758
2022-01-27,"GOOGL","Alphabet",127.789009094238
2022-01-28,"GOOGL","Alphabet",132.094024658203
2022-01-31,"GOOGL","Alphabet",134.028121948242
2022-02-01,"GOOGL","Alphabet",136.346572875977
2022-02-02,"GOOGL","Alphabet",146.604965209961
2022-02-03,"GOOGL","Alphabet",141.7412109375
2022-02-04,"GOOGL","Alphabet",141.942291259766
2022-02-07,"GOOGL","Alphabet",137.888916015625
2022-02-08,"GOOGL","Alphabet",138.085037231445
2022-02-09,"GOOGL","Alphabet",140.257369995117
2022-02-10,"GOOGL","Alphabet",137.313369750977
2022-02-11,"GOOGL","Alphabet",133.016754150391
2022-02-14,"GOOGL","Alphabet",134.24853515625
2022-02-15,"GOOGL","Alphabet",135.320846557617
2022-02-16,"GOOGL","Alphabet",136.439697265625
2022-02-17,"GOOGL","Alphabet",131.289688110352
2022-02-18,"GOOGL","Alphabet",129.173828125
2022-02-22,"GOOGL","Alphabet",128.589889526367
2022-02-23,"GOOGL","Alphabet",126.385345458984
2022-02-24,"GOOGL","Alphabet",131.44026184082
2022-02-25,"GOOGL","Alphabet",133.192092895508
2022-02-28,"GOOGL","Alphabet",133.783950805664
2022-03-01,"GOOGL","Alphabet",132.797836303711
2022-03-02,"GOOGL","Alphabet",133.303009033203
2022-03-03,"GOOGL","Alphabet",132.637390136719
2022-03-04,"GOOGL","Alphabet",130.663146972656
2022-03-07,"GOOGL","Alphabet",125.187255859375
2022-03-08,"GOOGL","Alphabet",125.90641784668
2022-03-09,"GOOGL","Alphabet",132.162384033203
2022-03-10,"GOOGL","Alphabet",131.181228637695
2022-03-11,"GOOGL","Alphabet",128.646331787109
2022-03-14,"GOOGL","Alphabet",124.763778686523
2022-03-15,"GOOGL","Alphabet",127.980163574219
2022-03-16,"GOOGL","Alphabet",132.024200439453
2022-03-17,"GOOGL","Alphabet",132.577453613281
2022-03-18,"GOOGL","Alphabet",134.842391967773
2022-03-21,"GOOGL","Alphabet",134.818634033203
2022-03-22,"GOOGL","Alphabet",138.549575805664
2022-03-23,"GOOGL","Alphabet",136.972106933594
2022-03-24,"GOOGL","Alphabet",140.237533569336
2022-03-25,"GOOGL","Alphabet",140.337600708008
2022-03-28,"GOOGL","Alphabet",140.122161865234
2022-03-29,"GOOGL","Alphabet",141.162231445312
2022-03-30,"GOOGL","Alphabet",140.600616455078
2022-03-31,"GOOGL","Alphabet",137.75666809082
2022-04-01,"GOOGL","Alphabet",138.82942199707
2022-04-04,"GOOGL","Alphabet",141.623840332031
2022-04-05,"GOOGL","Alphabet",139.26579284668
2022-04-06,"GOOGL","Alphabet",135.260894775391
2022-04-07,"GOOGL","Alphabet",134.607635498047
2022-04-08,"GOOGL","Alphabet",132.031112670898
2022-04-11,"GOOGL","Alphabet",127.609214782715
2022-04-12,"GOOGL","Alphabet",126.510665893555
2022-04-13,"GOOGL","Alphabet",128.669616699219
2022-04-14,"GOOGL","Alphabet",125.535446166992
2022-04-18,"GOOGL","Alphabet",126.473022460938
2022-04-19,"GOOGL","Alphabet",128.783538818359
2022-04-20,"GOOGL","Alphabet",126.83309173584
2022-04-21,"GOOGL","Alphabet",123.638000488281
2022-04-22,"GOOGL","Alphabet",118.507827758789
2022-04-25,"GOOGL","Alphabet",121.91389465332
2022-04-26,"GOOGL","Alphabet",117.531616210938
2022-04-27,"GOOGL","Alphabet",113.217155456543
2022-04-28,"GOOGL","Alphabet",117.405311584473
2022-04-29,"GOOGL","Alphabet",113.033905029297
2022-05-02,"GOOGL","Alphabet",115.484085083008
2022-05-03,"GOOGL","Alphabet",116.228012084961
2022-05-04,"GOOGL","Alphabet",121.108573913574
2022-05-05,"GOOGL","Alphabet",115.407318115234
2022-05-06,"GOOGL","Alphabet",114.655464172363
2022-05-09,"GOOGL","Alphabet",111.450462341309
2022-05-10,"GOOGL","Alphabet",113.316703796387
2022-05-11,"GOOGL","Alphabet",112.531677246094
2022-05-12,"GOOGL","Alphabet",111.780342102051
2022-05-13,"GOOGL","Alphabet",114.956611633301
2022-05-16,"GOOGL","Alphabet",113.366233825684
2022-05-17,"GOOGL","Alphabet",115.375114440918
2022-05-18,"GOOGL","Alphabet",110.844749450684
2022-05-19,"GOOGL","Alphabet",109.343521118164
2022-05-20,"GOOGL","Alphabet",107.881423950195
2022-05-23,"GOOGL","Alphabet",110.437118530273
2022-05-24,"GOOGL","Alphabet",104.971115112305
2022-05-25,"GOOGL","Alphabet",104.807685852051
2022-05-26,"GOOGL","Alphabet",106.77645111084
2022-05-27,"GOOGL","Alphabet",111.257804870605
2022-05-31,"GOOGL","Alphabet",112.68968963623
2022-06-01,"GOOGL","Alphabet",112.818458557129
2022-06-02,"GOOGL","Alphabet",116.513786315918
2022-06-03,"GOOGL","Alphabet",113.461334228516
2022-06-06,"GOOGL","Alphabet",115.719345092773
2022-06-07,"GOOGL","Alphabet",116.045249938965
2022-06-08,"GOOGL","Alphabet",116.089332580566
2022-06-09,"GOOGL","Alphabet",113.753067016602
2022-06-10,"GOOGL","Alphabet",110.11368560791
2022-06-13,"GOOGL","Alphabet",105.389656066895
2022-06-14,"GOOGL","Alphabet",105.709602355957
2022-06-15,"GOOGL","Alphabet",108.729866027832
2022-06-16,"GOOGL","Alphabet",105.034034729004
2022-06-17,"GOOGL","Alphabet",106.133560180664
2022-06-21,"GOOGL","Alphabet",110.492584228516
2022-06-22,"GOOGL","Alphabet",110.436622619629
2022-06-23,"GOOGL","Alphabet",111.184005737305
2022-06-24,"GOOGL","Alphabet",116.862953186035
2022-06-27,"GOOGL","Alphabet",114.741661071777
2022-06-28,"GOOGL","Alphabet",110.951721191406
2022-06-29,"GOOGL","Alphabet",110.648597717285
2022-06-30,"GOOGL","Alphabet",107.935905456543
2022-07-01,"GOOGL","Alphabet",107.712547302246
2022-07-05,"GOOGL","Alphabet",112.195373535156
2022-07-06,"GOOGL","Alphabet",113.492042541504
2022-07-07,"GOOGL","Alphabet",117.663352966309
2022-07-08,"GOOGL","Alphabet",118.228477478027
2022-07-11,"GOOGL","Alphabet",114.586128234863
2022-07-12,"GOOGL","Alphabet",112.945755004883
2022-07-13,"GOOGL","Alphabet",110.303886413574
2022-07-14,"GOOGL","Alphabet",109.327178955078
2022-07-15,"GOOGL","Alphabet",110.723892211914
2022-07-18,"GOOGL","Alphabet",108.002288818359
2022-07-19,"GOOGL","Alphabet",112.737228393555
2022-07-20,"GOOGL","Alphabet",112.826377868652
2022-07-21,"GOOGL","Alphabet",113.262229919434
2022-07-22,"GOOGL","Alphabet",106.882934570312
2022-07-25,"GOOGL","Alphabet",106.496612548828
2022-07-26,"GOOGL","Alphabet",104.030082702637
2022-07-27,"GOOGL","Alphabet",111.994300842285
2022-07-28,"GOOGL","Alphabet",113.143371582031
2022-07-29,"GOOGL","Alphabet",115.223571777344
2022-08-01,"GOOGL","Alphabet",113.777328491211
2022-08-02,"GOOGL","Alphabet",114.044769287109
2022-08-03,"GOOGL","Alphabet",116.966987609863
2022-08-04,"GOOGL","Alphabet",117.07593536377
2022-08-05,"GOOGL","Alphabet",116.362724304199
2022-08-08,"GOOGL","Alphabet",116.1943359375
2022-08-09,"GOOGL","Alphabet",115.530647277832
2022-08-10,"GOOGL","Alphabet",118.57169342041
2022-08-11,"GOOGL","Alphabet",117.719818115234
2022-08-12,"GOOGL","Alphabet",120.533042907715
2022-08-15,"GOOGL","Alphabet",120.92928314209
2022-08-16,"GOOGL","Alphabet",120.552848815918
2022-08-17,"GOOGL","Alphabet",118.423133850098
2022-08-18,"GOOGL","Alphabet",119.037269592285
2022-08-19,"GOOGL","Alphabet",116.105178833008
2022-08-22,"GOOGL","Alphabet",113.163185119629
2022-08-23,"GOOGL","Alphabet",112.786758422852
2022-08-24,"GOOGL","Alphabet",112.618362426758
2022-08-25,"GOOGL","Alphabet",115.550453186035
2022-08-26,"GOOGL","Alphabet",109.299934387207
2022-08-29,"GOOGL","Alphabet",108.388603210449
2022-08-30,"GOOGL","Alphabet",107.913124084473
2022-08-31,"GOOGL","Alphabet",107.199920654297
2022-09-01,"GOOGL","Alphabet",108.705581665039
2022-09-02,"GOOGL","Alphabet",106.833404541016
2022-09-06,"GOOGL","Alphabet",105.803199768066
2022-09-07,"GOOGL","Alphabet",108.418327331543
2022-09-08,"GOOGL","Alphabet",107.3583984375
2022-09-09,"GOOGL","Alphabet",109.607002258301
2022-09-12,"GOOGL","Alphabet",109.815040588379
2022-09-13,"GOOGL","Alphabet",103.336692810059
2022-09-14,"GOOGL","Alphabet",104.010261535645
2022-09-15,"GOOGL","Alphabet",101.939964294434
2022-09-16,"GOOGL","Alphabet",101.831016540527
2022-09-19,"GOOGL","Alphabet",102.09846496582
2022-09-20,"GOOGL","Alphabet",100.186645507812
2022-09-21,"GOOGL","Alphabet",98.3441925048828
2022-09-22,"GOOGL","Alphabet",99.1960830688477
2022-09-23,"GOOGL","Alphabet",97.8092803955078
2022-09-26,"GOOGL","Alphabet",97.2446441650391
2022-09-27,"GOOGL","Alphabet",96.5809707641602
2022-09-28,"GOOGL","Alphabet",99.10693359375
2022-09-29,"GOOGL","Alphabet",96.5017242431641
2022-09-30,"GOOGL","Alphabet",94.7484130859375
2022-10-03,"GOOGL","Alphabet",97.7102203369141
2022-10-04,"GOOGL","Alphabet",100.681938171387
2022-10-05,"GOOGL","Alphabet",100.473922729492
2022-10-06,"GOOGL","Alphabet",100.464012145996
2022-10-07,"GOOGL","Alphabet",97.7498245239258
2022-10-10,"GOOGL","Alphabet",96.9375686645508
2022-10-11,"GOOGL","Alphabet",96.2639846801758
2022-10-12,"GOOGL","Alphabet",96.6403884887695
2022-10-13,"GOOGL","Alphabet",98.1262664794922
2022-10-14,"GOOGL","Alphabet",95.6498184204102
2022-10-17,"GOOGL","Alphabet",99.0276641845703
2022-10-18,"GOOGL","Alphabet",99.8201370239258
2022-10-19,"GOOGL","Alphabet",98.6908798217773
2022-10-20,"GOOGL","Alphabet",99.0276641845703
2022-10-21,"GOOGL","Alphabet",100.176742553711
2022-10-24,"GOOGL","Alphabet",101.553642272949
2022-10-25,"GOOGL","Alphabet",103.495162963867
2022-10-26,"GOOGL","Alphabet",94.0351867675781
2022-10-27,"GOOGL","Alphabet",91.3507385253906
2022-10-28,"GOOGL","Alphabet",95.3823699951172
2022-10-31,"GOOGL","Alphabet",93.6191558837891
2022-11-01,"GOOGL","Alphabet",89.6172409057617
2022-11-02,"GOOGL","Alphabet",86.1502304077148
2022-11-03,"GOOGL","Alphabet",82.6435775756836
2022-11-04,"GOOGL","Alphabet",85.7638931274414
2022-11-07,"GOOGL","Alphabet",87.655891418457
2022-11-08,"GOOGL","Alphabet",88.0620346069336
2022-11-09,"GOOGL","Alphabet",86.4969100952148
2022-11-10,"GOOGL","Alphabet",93.0545272827148
2022-11-11,"GOOGL","Alphabet",95.5012435913086
2022-11-14,"GOOGL","Alphabet",94.7979354858398
2022-11-15,"GOOGL","Alphabet",97.5121002197266
2022-11-16,"GOOGL","Alphabet",97.9182434082031
2022-11-17,"GOOGL","Alphabet",97.4328536987305
2022-11-18,"GOOGL","Alphabet",96.5116424560547
2022-11-21,"GOOGL","Alphabet",94.6988754272461
2022-11-22,"GOOGL","Alphabet",96.1352081298828
2022-11-23,"GOOGL","Alphabet",97.5319137573242
2022-11-25,"GOOGL","Alphabet",96.5413360595703
2022-11-28,"GOOGL","Alphabet",95.1446304321289
2022-11-29,"GOOGL","Alphabet",94.2927322387695
2022-11-30,"GOOGL","Alphabet",100.038063049316
2022-12-01,"GOOGL","Alphabet",100.038063049316
2022-12-02,"GOOGL","Alphabet",99.4932556152344
2022-12-05,"GOOGL","Alphabet",98.5422973632812
2022-12-06,"GOOGL","Alphabet",96.0658645629883
2022-12-07,"GOOGL","Alphabet",94.0450897216797
2022-12-08,"GOOGL","Alphabet",92.8266830444336
2022-12-09,"GOOGL","Alphabet",91.9549789428711
2022-12-12,"GOOGL","Alphabet",92.4304580688477
2022-12-13,"GOOGL","Alphabet",94.7285842895508
2022-12-14,"GOOGL","Alphabet",94.1738662719727
2022-12-15,"GOOGL","Alphabet",90.0035552978516
2022-12-16,"GOOGL","Alphabet",89.4092102050781
2022-12-19,"GOOGL","Alphabet",87.6063690185547
2022-12-20,"GOOGL","Alphabet",88.1808853149414
2022-12-21,"GOOGL","Alphabet",88.7356262207031
2022-12-22,"GOOGL","Alphabet",86.9327774047852
2022-12-23,"GOOGL","Alphabet",88.3889083862305
2022-12-27,"GOOGL","Alphabet",86.5662536621094
2022-12-28,"GOOGL","Alphabet",85.2091674804688
2022-12-29,"GOOGL","Alphabet",87.6162796020508
2022-12-30,"GOOGL","Alphabet",87.3983535766602
2023-01-03,"GOOGL","Alphabet",88.2799606323242
2023-01-04,"GOOGL","Alphabet",87.2497634887695
2023-01-05,"GOOGL","Alphabet",85.3874740600586
2023-01-06,"GOOGL","Alphabet",86.5167236328125
2023-01-09,"GOOGL","Alphabet",87.1903305053711
2023-01-10,"GOOGL","Alphabet",87.5865478515625
2023-01-11,"GOOGL","Alphabet",90.6573257446289
2023-01-12,"GOOGL","Alphabet",90.2710037231445
2023-01-13,"GOOGL","Alphabet",91.2516708374023
2023-01-17,"GOOGL","Alphabet",90.4295120239258
2023-01-18,"GOOGL","Alphabet",90.261100769043
2023-01-19,"GOOGL","Alphabet",92.1729202270508
2023-01-20,"GOOGL","Alphabet",97.096061706543
2023-01-23,"GOOGL","Alphabet",98.8493728637695
2023-01-24,"GOOGL","Alphabet",96.7790679931641
2023-01-25,"GOOGL","Alphabet",94.3224563598633
2023-01-26,"GOOGL","Alphabet",96.6007690429688
2023-01-27,"GOOGL","Alphabet",98.4333343505859
2023-01-30,"GOOGL","Alphabet",96.026252746582
2023-01-31,"GOOGL","Alphabet",97.908332824707
2023-02-01,"GOOGL","Alphabet",99.4833526611328
2023-02-02,"GOOGL","Alphabet",106.724433898926
2023-02-03,"GOOGL","Alphabet",103.792343139648
2023-02-06,"GOOGL","Alphabet",101.930076599121
2023-02-07,"GOOGL","Alphabet",106.625389099121
2023-02-08,"GOOGL","Alphabet",98.4333343505859
2023-02-09,"GOOGL","Alphabet",94.1144332885742
2023-02-10,"GOOGL","Alphabet",93.678581237793
2023-02-13,"GOOGL","Alphabet",93.7182083129883
2023-02-14,"GOOGL","Alphabet",93.7875366210938
2023-02-15,"GOOGL","Alphabet",96.026252746582
2023-02-16,"GOOGL","Alphabet",94.609733581543
2023-02-17,"GOOGL","Alphabet",93.4606552124023
2023-02-21,"GOOGL","Alphabet",90.9247817993164
2023-02-22,"GOOGL","Alphabet",90.7861022949219
2023-02-23,"GOOGL","Alphabet",90.0332717895508
2023-02-24,"GOOGL","Alphabet",88.2898559570312
2023-02-27,"GOOGL","Alphabet",89.0228881835938
2023-02-28,"GOOGL","Alphabet",89.2111053466797
2023-03-01,"GOOGL","Alphabet",89.5082702636719
2023-03-02,"GOOGL","Alphabet",91.1328048706055
2023-03-03,"GOOGL","Alphabet",92.7672500610352
2023-03-06,"GOOGL","Alphabet",94.2332992553711
2023-03-07,"GOOGL","Alphabet",92.9752807617188
2023-03-08,"GOOGL","Alphabet",93.3616027832031
2023-03-09,"GOOGL","Alphabet",91.4497985839844
2023-03-10,"GOOGL","Alphabet",89.7757110595703
2023-03-13,"GOOGL","Alphabet",90.2511978149414
2023-03-14,"GOOGL","Alphabet",93.0842437744141
2023-03-15,"GOOGL","Alphabet",95.2040557861328
2023-03-16,"GOOGL","Alphabet",99.374382019043
2023-03-17,"GOOGL","Alphabet",100.662124633789
2023-03-20,"GOOGL","Alphabet",100.265907287598
2023-03-21,"GOOGL","Alphabet",103.931022644043
2023-03-22,"GOOGL","Alphabet",102.395637512207
2023-03-23,"GOOGL","Alphabet",104.604606628418
2023-03-24,"GOOGL","Alphabet",104.446113586426
2023-03-27,"GOOGL","Alphabet",101.494209289551
2023-03-28,"GOOGL","Alphabet",100.077705383301
2023-03-29,"GOOGL","Alphabet",100.434303283691
2023-03-30,"GOOGL","Alphabet",99.9390182495117
2023-03-31,"GOOGL","Alphabet",102.752243041992
2023-04-03,"GOOGL","Alphabet",103.376304626465
2023-04-04,"GOOGL","Alphabet",103.73291015625
2023-04-05,"GOOGL","Alphabet",103.485275268555
2023-04-06,"GOOGL","Alphabet",107.398017883301
2023-04-10,"GOOGL","Alphabet",105.436698913574
2023-04-11,"GOOGL","Alphabet",104.356979370117
2023-04-12,"GOOGL","Alphabet",103.653656005859
2023-04-13,"GOOGL","Alphabet",106.417366027832
2023-04-14,"GOOGL","Alphabet",107.843788146973
2023-04-17,"GOOGL","Alphabet",104.971115112305
2023-04-18,"GOOGL","Alphabet",103.514976501465
2023-04-19,"GOOGL","Alphabet",103.19800567627
2023-04-20,"GOOGL","Alphabet",104.29753112793
2023-04-21,"GOOGL","Alphabet",104.41641998291
2023-04-24,"GOOGL","Alphabet",104.971115112305
2023-04-25,"GOOGL","Alphabet",102.871109008789
2023-04-26,"GOOGL","Alphabet",102.732421875
2023-04-27,"GOOGL","Alphabet",106.57585144043
2023-04-28,"GOOGL","Alphabet",106.32820892334
2023-05-01,"GOOGL","Alphabet",106.18953704834
2023-05-02,"GOOGL","Alphabet",104.327239990234
2023-05-03,"GOOGL","Alphabet",104.41641998291
2023-05-04,"GOOGL","Alphabet",103.703201293945
2023-05-05,"GOOGL","Alphabet",104.574913024902
2023-05-08,"GOOGL","Alphabet",106.75414276123
2023-05-09,"GOOGL","Alphabet",106.33812713623
2023-05-10,"GOOGL","Alphabet",110.696640014648
2023-05-11,"GOOGL","Alphabet",115.471221923828
2023-05-12,"GOOGL","Alphabet",116.402359008789
2023-05-15,"GOOGL","Alphabet",115.411781311035
2023-05-16,"GOOGL","Alphabet",118.383499145508
2023-05-17,"GOOGL","Alphabet",119.700958251953
2023-05-18,"GOOGL","Alphabet",121.672210693359
2023-05-19,"GOOGL","Alphabet",121.602867126465
2023-05-22,"GOOGL","Alphabet",123.871284484863
2023-05-23,"GOOGL","Alphabet",121.404747009277
2023-05-24,"GOOGL","Alphabet",119.760391235352
2023-05-25,"GOOGL","Alphabet",122.316078186035
2023-05-26,"GOOGL","Alphabet",123.435424804688
2023-05-30,"GOOGL","Alphabet",122.504287719727
2023-05-31,"GOOGL","Alphabet",121.711822509766
2023-06-01,"GOOGL","Alphabet",122.553810119629
2023-06-02,"GOOGL","Alphabet",123.49486541748
2023-06-05,"GOOGL","Alphabet",124.822227478027
2023-06-06,"GOOGL","Alphabet",126.109977722168
2023-06-07,"GOOGL","Alphabet",121.345306396484
2023-06-08,"GOOGL","Alphabet",120.988700866699
2023-06-09,"GOOGL","Alphabet",121.077865600586
2023-06-12,"GOOGL","Alphabet",122.474571228027
2023-06-13,"GOOGL","Alphabet",122.662780761719
2023-06-14,"GOOGL","Alphabet",122.504287719727
2023-06-15,"GOOGL","Alphabet",123.910888671875
2023-06-16,"GOOGL","Alphabet",122.365608215332
2023-06-20,"GOOGL","Alphabet",121.939666748047
2023-06-21,"GOOGL","Alphabet",119.413711547852
2023-06-22,"GOOGL","Alphabet",121.989196777344
2023-06-23,"GOOGL","Alphabet",121.186828613281
2023-06-26,"GOOGL","Alphabet",117.22452545166
2023-06-27,"GOOGL","Alphabet",117.214622497559
2023-06-28,"GOOGL","Alphabet",119.047180175781
2023-06-29,"GOOGL","Alphabet",117.977355957031
2023-06-30,"GOOGL","Alphabet",118.57169342041
2023-07-03,"GOOGL","Alphabet",118.769828796387
2023-07-05,"GOOGL","Alphabet",120.602386474609
2023-07-06,"GOOGL","Alphabet",118.977836608887
2023-07-07,"GOOGL","Alphabet",118.353782653809
2023-07-10,"GOOGL","Alphabet",115.352340698242
2023-07-11,"GOOGL","Alphabet",116.035842895508
2023-07-12,"GOOGL","Alphabet",117.808959960938
2023-07-13,"GOOGL","Alphabet",123.366088867188
2023-07-14,"GOOGL","Alphabet",124.237785339355
2023-07-17,"GOOGL","Alphabet",123.475051879883
2023-07-18,"GOOGL","Alphabet",122.593437194824
2023-07-19,"GOOGL","Alphabet",120.879737854004
2023-07-20,"GOOGL","Alphabet",118.076431274414
2023-07-21,"GOOGL","Alphabet",118.888702392578
2023-07-24,"GOOGL","Alphabet",120.384452819824
2023-07-25,"GOOGL","Alphabet",121.058052062988
2023-07-26,"GOOGL","Alphabet",128.051513671875
2023-07-27,"GOOGL","Alphabet",128.180282592773
2023-07-28,"GOOGL","Alphabet",131.330291748047
2023-07-31,"GOOGL","Alphabet",131.468994140625
2023-08-01,"GOOGL","Alphabet",130.310012817383
2023-08-02,"GOOGL","Alphabet",127.169898986816
2023-08-03,"GOOGL","Alphabet",127.239212036133
2023-08-04,"GOOGL","Alphabet",126.902442932129
2023-08-07,"GOOGL","Alphabet",130.29020690918
2023-08-08,"GOOGL","Alphabet",130.161437988281
2023-08-09,"GOOGL","Alphabet",128.437866210938
2023-08-10,"GOOGL","Alphabet",128.467529296875
2023-08-11,"GOOGL","Alphabet",128.338760375977
2023-08-14,"GOOGL","Alphabet",130.092086791992
2023-08-15,"GOOGL","Alphabet",128.556716918945
2023-08-16,"GOOGL","Alphabet",127.486885070801
2023-08-17,"GOOGL","Alphabet",128.695388793945
2023-08-18,"GOOGL","Alphabet",126.258560180664
2023-08-21,"GOOGL","Alphabet",127.159980773926
2023-08-22,"GOOGL","Alphabet",127.863288879395
2023-08-23,"GOOGL","Alphabet",131.122268676758
2023-08-24,"GOOGL","Alphabet",128.556716918945
2023-08-25,"GOOGL","Alphabet",128.655746459961
2023-08-28,"GOOGL","Alphabet",129.775100708008
2023-08-29,"GOOGL","Alphabet",133.301528930664
2023-08-30,"GOOGL","Alphabet",134.599182128906
2023-08-31,"GOOGL","Alphabet",134.886444091797
2023-09-01,"GOOGL","Alphabet",134.381271362305
2023-09-05,"GOOGL","Alphabet",134.490203857422
2023-09-06,"GOOGL","Alphabet",133.192596435547
2023-09-07,"GOOGL","Alphabet",133.985046386719
2023-09-08,"GOOGL","Alphabet",135.094497680664
2023-09-11,"GOOGL","Alphabet",135.629409790039
2023-09-12,"GOOGL","Alphabet",134.06428527832
2023-09-13,"GOOGL","Alphabet",135.421371459961
2023-09-14,"GOOGL","Alphabet",136.798278808594
2023-09-15,"GOOGL","Alphabet",136.104873657227
2023-09-18,"GOOGL","Alphabet",136.907241821289
2023-09-19,"GOOGL","Alphabet",136.738815307617
2023-09-20,"GOOGL","Alphabet",132.479370117188
2023-09-21,"GOOGL","Alphabet",129.210479736328
2023-09-22,"GOOGL","Alphabet",129.022277832031
2023-09-25,"GOOGL","Alphabet",129.874145507812
2023-09-26,"GOOGL","Alphabet",127.358108520508
2023-09-27,"GOOGL","Alphabet",129.309494018555
2023-09-28,"GOOGL","Alphabet",131.062850952148
2023-09-29,"GOOGL","Alphabet",129.626541137695
2023-10-02,"GOOGL","Alphabet",132.905334472656
2023-10-03,"GOOGL","Alphabet",131.181716918945
2023-10-04,"GOOGL","Alphabet",133.965240478516
2023-10-05,"GOOGL","Alphabet",133.796829223633
2023-10-06,"GOOGL","Alphabet",136.283157348633
2023-10-09,"GOOGL","Alphabet",137.115249633789
2023-10-10,"GOOGL","Alphabet",136.758636474609
2023-10-11,"GOOGL","Alphabet",139.225158691406
2023-10-12,"GOOGL","Alphabet",137.660095214844
2023-10-13,"GOOGL","Alphabet",136.065246582031
2023-10-16,"GOOGL","Alphabet",137.788848876953
2023-10-17,"GOOGL","Alphabet",138.403015136719
2023-10-18,"GOOGL","Alphabet",136.659622192383
2023-10-19,"GOOGL","Alphabet",136.451583862305
2023-10-20,"GOOGL","Alphabet",134.321823120117
2023-10-23,"GOOGL","Alphabet",135.213363647461
2023-10-24,"GOOGL","Alphabet",137.501586914062
2023-10-25,"GOOGL","Alphabet",124.426010131836
2023-10-26,"GOOGL","Alphabet",121.127388000488
2023-10-27,"GOOGL","Alphabet",121.018417358398
2023-10-30,"GOOGL","Alphabet",123.286842346191
2023-10-31,"GOOGL","Alphabet",122.910423278809
2023-11-01,"GOOGL","Alphabet",125.258079528809
2023-11-02,"GOOGL","Alphabet",126.288284301758
2023-11-03,"GOOGL","Alphabet",127.883110046387
2023-11-06,"GOOGL","Alphabet",129.022277832031
2023-11-07,"GOOGL","Alphabet",129.735488891602
2023-11-08,"GOOGL","Alphabet",130.597290039062
2023-11-09,"GOOGL","Alphabet",129.012359619141
2023-11-10,"GOOGL","Alphabet",131.340194702148
2023-11-13,"GOOGL","Alphabet",130.844879150391
2023-11-14,"GOOGL","Alphabet",132.360473632812
2023-11-15,"GOOGL","Alphabet",133.351058959961
2023-11-16,"GOOGL","Alphabet",135.639297485352
2023-11-17,"GOOGL","Alphabet",134.034561157227
2023-11-20,"GOOGL","Alphabet",134.965728759766
2023-11-21,"GOOGL","Alphabet",135.678924560547
2023-11-22,"GOOGL","Alphabet",137.184616088867
2023-11-24,"GOOGL","Alphabet",135.401580810547
2023-11-27,"GOOGL","Alphabet",135.124206542969
2023-11-28,"GOOGL","Alphabet",135.906753540039
2023-11-29,"GOOGL","Alphabet",133.717590332031
2023-11-30,"GOOGL","Alphabet",131.280776977539
2023-12-01,"GOOGL","Alphabet",130.617080688477
2023-12-04,"GOOGL","Alphabet",128.051513671875
2023-12-05,"GOOGL","Alphabet",129.755279541016
2023-12-06,"GOOGL","Alphabet",128.794448852539
2023-12-07,"GOOGL","Alphabet",135.639297485352
2023-12-08,"GOOGL","Alphabet",133.717590332031
2023-12-11,"GOOGL","Alphabet",132.033599853516
2023-12-12,"GOOGL","Alphabet",131.270858764648
2023-12-13,"GOOGL","Alphabet",131.320404052734
2023-12-14,"GOOGL","Alphabet",130.696334838867
2023-12-15,"GOOGL","Alphabet",131.350112915039
2023-12-18,"GOOGL","Alphabet",134.519943237305
2023-12-19,"GOOGL","Alphabet",135.361923217773
2023-12-20,"GOOGL","Alphabet",137.035995483398
2023-12-21,"GOOGL","Alphabet",139.096420288086
2023-12-22,"GOOGL","Alphabet",140.156311035156
2023-12-26,"GOOGL","Alphabet",140.186050415039
2023-12-27,"GOOGL","Alphabet",139.046890258789
2023-12-28,"GOOGL","Alphabet",138.908203125
2023-12-29,"GOOGL","Alphabet",138.373291015625
2024-01-02,"GOOGL","Alphabet",136.867599487305
2024-01-03,"GOOGL","Alphabet",137.610549926758
2024-01-04,"GOOGL","Alphabet",135.104385375977
2024-01-05,"GOOGL","Alphabet",134.450576782227
2024-01-08,"GOOGL","Alphabet",137.531311035156
2024-01-09,"GOOGL","Alphabet",139.621398925781
2024-01-10,"GOOGL","Alphabet",140.938873291016
2024-01-11,"GOOGL","Alphabet",140.74072265625
2024-01-12,"GOOGL","Alphabet",141.305358886719
2024-01-16,"GOOGL","Alphabet",141.146896362305
2024-01-17,"GOOGL","Alphabet",140.136520385742
2024-01-18,"GOOGL","Alphabet",142.127548217773
2024-01-19,"GOOGL","Alphabet",145.000244140625
2024-01-22,"GOOGL","Alphabet",144.613891601562
2024-01-23,"GOOGL","Alphabet",145.654006958008
2024-01-24,"GOOGL","Alphabet",147.29833984375
2024-01-25,"GOOGL","Alphabet",150.438461303711
2024-01-26,"GOOGL","Alphabet",150.755462646484
2024-01-29,"GOOGL","Alphabet",152.063018798828
2024-01-30,"GOOGL","Alphabet",150.032333374023
2024-01-31,"GOOGL","Alphabet",138.779403686523
2024-02-01,"GOOGL","Alphabet",139.82942199707
2024-02-02,"GOOGL","Alphabet",141.037963867188
2024-02-05,"GOOGL","Alphabet",142.325668334961
2024-02-06,"GOOGL","Alphabet",142.741714477539
2024-02-07,"GOOGL","Alphabet",144.168106079102
2024-02-08,"GOOGL","Alphabet",144.534652709961
2024-02-09,"GOOGL","Alphabet",147.595504760742
2024-02-12,"GOOGL","Alphabet",146.139389038086
2024-02-13,"GOOGL","Alphabet",143.771911621094
2024-02-14,"GOOGL","Alphabet",144.564376831055
2024-02-15,"GOOGL","Alphabet",141.424255371094
2024-02-16,"GOOGL","Alphabet",139.195449829102
2024-02-20,"GOOGL","Alphabet",139.789794921875
2024-02-21,"GOOGL","Alphabet",141.206314086914
2024-02-22,"GOOGL","Alphabet",142.731796264648
2024-02-23,"GOOGL","Alphabet",142.603012084961
2024-02-26,"GOOGL","Alphabet",136.273284912109
2024-02-27,"GOOGL","Alphabet",137.57096862793
2024-02-28,"GOOGL","Alphabet",135.094497680664
2024-02-29,"GOOGL","Alphabet",137.154876708984
2024-03-01,"GOOGL","Alphabet",135.847320556641
2024-03-04,"GOOGL","Alphabet",132.093048095703
2024-03-05,"GOOGL","Alphabet",131.419448852539
2024-03-06,"GOOGL","Alphabet",130.161437988281
2024-03-07,"GOOGL","Alphabet",133.113327026367
2024-03-08,"GOOGL","Alphabet",134.133605957031
2024-03-11,"GOOGL","Alphabet",136.372329711914
2024-03-12,"GOOGL","Alphabet",137.194488525391
2024-03-13,"GOOGL","Alphabet",138.472351074219
2024-03-14,"GOOGL","Alphabet",141.751159667969
2024-03-15,"GOOGL","Alphabet",139.849212646484
2024-03-18,"GOOGL","Alphabet",146.287948608398
2024-03-19,"GOOGL","Alphabet",145.644073486328
2024-03-20,"GOOGL","Alphabet",147.337966918945
2024-03-21,"GOOGL","Alphabet",146.208724975586
2024-03-22,"GOOGL","Alphabet",149.348831176758
2024-03-25,"GOOGL","Alphabet",148.655456542969
2024-03-26,"GOOGL","Alphabet",149.249786376953
2024-03-27,"GOOGL","Alphabet",149.447891235352
2024-03-28,"GOOGL","Alphabet",149.507354736328
2024-04-01,"GOOGL","Alphabet",154.024368286133
2024-04-02,"GOOGL","Alphabet",153.103103637695
2024-04-03,"GOOGL","Alphabet",153.459716796875
2024-04-04,"GOOGL","Alphabet",149.111083984375
2024-04-05,"GOOGL","Alphabet",151.062530517578
2024-04-08,"GOOGL","Alphabet",153.390396118164
2024-04-09,"GOOGL","Alphabet",155.123886108398
2024-04-10,"GOOGL","Alphabet",154.668228149414
2024-04-11,"GOOGL","Alphabet",157.907424926758
2024-04-12,"GOOGL","Alphabet",156.243225097656
2024-04-15,"GOOGL","Alphabet",153.400299072266
2024-04-16,"GOOGL","Alphabet",152.944610595703
2024-04-17,"GOOGL","Alphabet",154.00456237793
2024-04-18,"GOOGL","Alphabet",154.539428710938
2024-04-19,"GOOGL","Alphabet",152.63752746582
2024-04-22,"GOOGL","Alphabet",154.806900024414
2024-04-23,"GOOGL","Alphabet",156.76823425293
2024-04-24,"GOOGL","Alphabet",157.63005065918
2024-04-25,"GOOGL","Alphabet",154.529510498047
2024-04-26,"GOOGL","Alphabet",170.329208374023
2024-04-29,"GOOGL","Alphabet",164.583862304688
2024-04-30,"GOOGL","Alphabet",161.245620727539
2024-05-01,"GOOGL","Alphabet",162.315444946289
2024-05-02,"GOOGL","Alphabet",165.049423217773
2024-05-03,"GOOGL","Alphabet",165.663604736328
2024-05-06,"GOOGL","Alphabet",166.515487670898
2024-05-07,"GOOGL","Alphabet",169.635787963867
2024-05-08,"GOOGL","Alphabet",167.783447265625
2024-05-09,"GOOGL","Alphabet",168.357971191406
2024-05-10,"GOOGL","Alphabet",167.060317993164
2024-05-13,"GOOGL","Alphabet",167.545684814453
2024-05-14,"GOOGL","Alphabet",168.734375
2024-05-15,"GOOGL","Alphabet",170.883895874023
2024-05-16,"GOOGL","Alphabet",172.538192749023
2024-05-17,"GOOGL","Alphabet",174.400436401367
2024-05-20,"GOOGL","Alphabet",175.252349853516
2024-05-21,"GOOGL","Alphabet",176.173583984375
2024-05-22,"GOOGL","Alphabet",174.717468261719
2024-05-23,"GOOGL","Alphabet",171.914108276367
2024-05-24,"GOOGL","Alphabet",173.340530395508
2024-05-28,"GOOGL","Alphabet",174.737258911133
2024-05-29,"GOOGL","Alphabet",174.241989135742
2024-05-30,"GOOGL","Alphabet",170.487701416016
2024-05-31,"GOOGL","Alphabet",170.874038696289
2024-06-03,"GOOGL","Alphabet",171.537719726562
2024-06-04,"GOOGL","Alphabet",172.151840209961
2024-06-05,"GOOGL","Alphabet",173.756607055664
2024-06-06,"GOOGL","Alphabet",175.06413269043
2024-06-07,"GOOGL","Alphabet",172.815551757812
2024-06-10,"GOOGL","Alphabet",173.559326171875
2024-06-11,"GOOGL","Alphabet",175.155990600586
2024-06-12,"GOOGL","Alphabet",176.316268920898
2024-06-13,"GOOGL","Alphabet",173.708084106445
2024-06-14,"GOOGL","Alphabet",175.324554443359
2024-06-17,"GOOGL","Alphabet",175.77082824707
2024-06-18,"GOOGL","Alphabet",173.638656616211
2024-06-20,"GOOGL","Alphabet",174.838607788086
2024-06-21,"GOOGL","Alphabet",178.141021728516
2024-06-24,"GOOGL","Alphabet",177.734420776367
2024-06-25,"GOOGL","Alphabet",182.504547119141
2024-06-26,"GOOGL","Alphabet",182.355819702148
2024-06-27,"GOOGL","Alphabet",183.873092651367
2024-06-28,"GOOGL","Alphabet",180.64013671875
2024-07-01,"GOOGL","Alphabet",181.473159790039
2024-07-02,"GOOGL","Alphabet",183.704528808594
2024-07-03,"GOOGL","Alphabet",184.279693603516
2024-07-05,"GOOGL","Alphabet",189.020095825195
2024-07-08,"GOOGL","Alphabet",187.463104248047
2024-07-09,"GOOGL","Alphabet",187.413528442383
2024-07-10,"GOOGL","Alphabet",189.595275878906
2024-07-11,"GOOGL","Alphabet",184.031799316406
2024-07-12,"GOOGL","Alphabet",183.53596496582
2024-07-15,"GOOGL","Alphabet",184.983825683594
2024-07-16,"GOOGL","Alphabet",182.395462036133
2024-07-17,"GOOGL","Alphabet",179.519500732422
2024-07-18,"GOOGL","Alphabet",176.217102050781
2024-07-19,"GOOGL","Alphabet",176.187347412109
2024-07-22,"GOOGL","Alphabet",180.164108276367
2024-07-23,"GOOGL","Alphabet",180.283096313477
2024-07-24,"GOOGL","Alphabet",171.199066162109
2024-07-25,"GOOGL","Alphabet",165.89338684082
2024-07-26,"GOOGL","Alphabet",165.615707397461
2024-07-29,"GOOGL","Alphabet",168.124740600586
2024-07-30,"GOOGL","Alphabet",168.87841796875
2024-07-31,"GOOGL","Alphabet",170.118087768555
2024-08-01,"GOOGL","Alphabet",169.34455871582
2024-08-02,"GOOGL","Alphabet",165.278518676758
2024-08-05,"GOOGL","Alphabet",157.929962158203
2024-08-06,"GOOGL","Alphabet",156.977905273438
2024-08-07,"GOOGL","Alphabet",157.622543334961
2024-08-08,"GOOGL","Alphabet",160.686920166016
2024-08-09,"GOOGL","Alphabet",162.31330871582
2024-08-12,"GOOGL","Alphabet",160.944747924805
2024-08-13,"GOOGL","Alphabet",162.799240112305
2024-08-14,"GOOGL","Alphabet",159.040664672852
2024-08-15,"GOOGL","Alphabet",159.962966918945
2024-08-16,"GOOGL","Alphabet",161.60920715332
2024-08-19,"GOOGL","Alphabet",165.288436889648
2024-08-20,"GOOGL","Alphabet",165.794219970703
2024-08-21,"GOOGL","Alphabet",164.475250244141
2024-08-22,"GOOGL","Alphabet",162.442245483398
2024-08-23,"GOOGL","Alphabet",164.247161865234
2024-08-26,"GOOGL","Alphabet",164.782669067383
2024-08-27,"GOOGL","Alphabet",163.314926147461
2024-08-28,"GOOGL","Alphabet",161.500106811523
2024-08-29,"GOOGL","Alphabet",160.438995361328
2024-08-30,"GOOGL","Alphabet",162.025741577148
2024-09-03,"GOOGL","Alphabet",156.055633544922
2024-09-04,"GOOGL","Alphabet",155.153167724609
2024-09-05,"GOOGL","Alphabet",155.936630249023
2024-09-06,"GOOGL","Alphabet",149.668991088867
2024-09-09,"GOOGL","Alphabet",147.67301940918
2024-09-10,"GOOGL","Alphabet",147.623352050781
2024-09-11,"GOOGL","Alphabet",150.105926513672
2024-09-12,"GOOGL","Alphabet",153.611328125
2024-09-13,"GOOGL","Alphabet",156.362014770508
2024-09-16,"GOOGL","Alphabet",156.957809448242
2024-09-17,"GOOGL","Alphabet",158.209045410156
2024-09-18,"GOOGL","Alphabet",158.69563293457
2024-09-19,"GOOGL","Alphabet",161.009353637695
2024-09-20,"GOOGL","Alphabet",162.449264526367
2024-09-23,"GOOGL","Alphabet",160.721420288086
2024-09-24,"GOOGL","Alphabet",161.158325195312
2024-09-25,"GOOGL","Alphabet",160.36393737793
2024-09-26,"GOOGL","Alphabet",161.595230102539
2024-09-27,"GOOGL","Alphabet",162.806762695312
2024-09-30,"GOOGL","Alphabet",164.693496704102
2024-10-01,"GOOGL","Alphabet",165.825546264648
2024-10-02,"GOOGL","Alphabet",164.70344543457
2024-10-03,"GOOGL","Alphabet",164.70344543457
2024-10-04,"GOOGL","Alphabet",165.895080566406
2024-10-07,"GOOGL","Alphabet",161.843505859375
2024-10-08,"GOOGL","Alphabet",163.233749389648
2024-10-09,"GOOGL","Alphabet",160.731307983398
2024-10-10,"GOOGL","Alphabet",160.949798583984
2024-10-11,"GOOGL","Alphabet",162.101699829102
2024-10-14,"GOOGL","Alphabet",163.809707641602
2024-10-15,"GOOGL","Alphabet",164.306213378906
2024-10-16,"GOOGL","Alphabet",164.008316040039
2024-10-17,"GOOGL","Alphabet",161.793853759766
2024-10-18,"GOOGL","Alphabet",162.280456542969
2024-10-21,"GOOGL","Alphabet",162.925918579102
2024-10-22,"GOOGL","Alphabet",163.98844909668
2024-10-23,"GOOGL","Alphabet",161.644882202148
2024-10-24,"GOOGL","Alphabet",161.585327148438
2024-10-25,"GOOGL","Alphabet",164.117538452148
2024-10-28,"GOOGL","Alphabet",165.557434082031
2024-10-29,"GOOGL","Alphabet",168.496780395508
2024-10-30,"GOOGL","Alphabet",173.243469238281
2024-10-31,"GOOGL","Alphabet",169.91682434082
2024-11-01,"GOOGL","Alphabet",170.095550537109
2024-11-04,"GOOGL","Alphabet",168.059860229492
2024-11-05,"GOOGL","Alphabet",168.556365966797
2024-11-06,"GOOGL","Alphabet",175.279159545898
2024-11-07,"GOOGL","Alphabet",179.489608764648
2024-11-08,"GOOGL","Alphabet",177.106338500977
2024-11-11,"GOOGL","Alphabet",179.092391967773
2024-11-12,"GOOGL","Alphabet",180.353530883789
2024-11-13,"GOOGL","Alphabet",177.63264465332
2024-11-14,"GOOGL","Alphabet",174.355651855469
2024-11-15,"GOOGL","Alphabet",171.287200927734
2024-11-18,"GOOGL","Alphabet",174.077606201172
2024-11-19,"GOOGL","Alphabet",176.877944946289
2024-11-20,"GOOGL","Alphabet",174.752838134766
2024-11-21,"GOOGL","Alphabet",166.461090087891
2024-11-22,"GOOGL","Alphabet",163.611114501953
2024-11-25,"GOOGL","Alphabet",166.480941772461
2024-11-26,"GOOGL","Alphabet",167.940704345703
2024-11-27,"GOOGL","Alphabet",168.049926757812
2024-11-29,"GOOGL","Alphabet",167.771865844727
2024-12-02,"GOOGL","Alphabet",170.294174194336
2024-12-03,"GOOGL","Alphabet",170.145202636719
2024-12-04,"GOOGL","Alphabet",173.154098510742
2024-12-05,"GOOGL","Alphabet",171.436157226562
2024-12-06,"GOOGL","Alphabet",173.491714477539
2024-12-09,"GOOGL","Alphabet",174.346710205078
2024-12-10,"GOOGL","Alphabet",184.08952331543
2024-12-11,"GOOGL","Alphabet",194.259826660156
2024-12-12,"GOOGL","Alphabet",190.839889526367
2024-12-13,"GOOGL","Alphabet",188.71240234375
2024-12-16,"GOOGL","Alphabet",195.512466430664
2024-12-17,"GOOGL","Alphabet",194.279693603516
2024-12-18,"GOOGL","Alphabet",187.300643920898
2024-12-19,"GOOGL","Alphabet",187.410018920898
2024-12-20,"GOOGL","Alphabet",190.293121337891
2024-12-23,"GOOGL","Alphabet",193.494323730469
2024-12-24,"GOOGL","Alphabet",194.965667724609
2024-12-26,"GOOGL","Alphabet",194.458679199219
2024-12-27,"GOOGL","Alphabet",191.635223388672
2024-12-30,"GOOGL","Alphabet",190.124114990234
2024-12-31,"GOOGL","Alphabet",188.195434570312
2025-01-02,"GOOGL","Alphabet",188.324661254883
2025-01-03,"GOOGL","Alphabet",190.670867919922
2025-01-06,"GOOGL","Alphabet",195.721252441406
2025-01-07,"GOOGL","Alphabet",194.349304199219
2025-01-08,"GOOGL","Alphabet",192.818283081055
2025-01-10,"GOOGL","Alphabet",190.91943359375
2025-01-13,"GOOGL","Alphabet",189.895431518555
2025-01-14,"GOOGL","Alphabet",188.553298950195
2025-01-15,"GOOGL","Alphabet",194.408950805664
2025-01-16,"GOOGL","Alphabet",191.784362792969
2025-01-17,"GOOGL","Alphabet",194.856307983398
2025-01-21,"GOOGL","Alphabet",196.89436340332
2025-01-22,"GOOGL","Alphabet",197.212493896484
2025-01-23,"GOOGL","Alphabet",196.824768066406
2025-01-24,"GOOGL","Alphabet",199.041763305664
2025-01-27,"GOOGL","Alphabet",190.690780639648
2025-01-28,"GOOGL","Alphabet",194.160415649414
2025-01-29,"GOOGL","Alphabet",194.269760131836
2025-01-30,"GOOGL","Alphabet",199.69792175293
2025-01-31,"GOOGL","Alphabet",202.829513549805
2025-02-03,"GOOGL","Alphabet",200.055786132812
2025-02-04,"GOOGL","Alphabet",205.17578125
2025-02-05,"GOOGL","Alphabet",190.213577270508
2025-02-06,"GOOGL","Alphabet",190.482009887695
2025-02-07,"GOOGL","Alphabet",184.258514404297
2025-02-10,"GOOGL","Alphabet",185.381927490234
2025-02-11,"GOOGL","Alphabet",184.238647460938
2025-02-12,"GOOGL","Alphabet",182.538619995117
2025-02-13,"GOOGL","Alphabet",185.053848266602
2025-02-14,"GOOGL","Alphabet",184.149169921875
2025-02-18,"GOOGL","Alphabet",182.697692871094
2025-02-19,"GOOGL","Alphabet",184.188934326172
2025-02-20,"GOOGL","Alphabet",183.48307800293
2025-02-21,"GOOGL","Alphabet",178.611679077148
2025-02-24,"GOOGL","Alphabet",178.204086303711
2025-02-25,"GOOGL","Alphabet",174.396392822266
2025-02-26,"GOOGL","Alphabet",171.722091674805
2025-02-27,"GOOGL","Alphabet",167.516784667969
2025-02-28,"GOOGL","Alphabet",169.286392211914
2025-03-03,"GOOGL","Alphabet",166.035491943359
2025-03-04,"GOOGL","Alphabet",169.922653198242
2025-03-05,"GOOGL","Alphabet",172.010437011719
2025-03-06,"GOOGL","Alphabet",171.344345092773
2025-03-07,"GOOGL","Alphabet",172.845504760742
2025-03-10,"GOOGL","Alphabet",165.092041015625
2025-03-11,"GOOGL","Alphabet",163.270614624023
2025-03-12,"GOOGL","Alphabet",166.326232910156
2025-03-13,"GOOGL","Alphabet",161.996627807617
2025-03-14,"GOOGL","Alphabet",164.713821411133
2025-03-17,"GOOGL","Alphabet",163.519470214844
2025-03-18,"GOOGL","Alphabet",159.916442871094
2025-03-19,"GOOGL","Alphabet",163.121337890625
2025-03-20,"GOOGL","Alphabet",162.036437988281
2025-03-21,"GOOGL","Alphabet",163.22087097168
2025-03-24,"GOOGL","Alphabet",166.8935546875
2025-03-25,"GOOGL","Alphabet",169.76008605957
2025-03-26,"GOOGL","Alphabet",164.285842895508
2025-03-27,"GOOGL","Alphabet",161.479080200195
2025-03-28,"GOOGL","Alphabet",153.606170654297
2025-03-31,"GOOGL","Alphabet",153.91471862793
2025-04-01,"GOOGL","Alphabet",156.333343505859
2025-04-02,"GOOGL","Alphabet",156.303466796875
2025-04-03,"GOOGL","Alphabet",150.013107299805
2025-04-04,"GOOGL","Alphabet",144.917129516602
2025-04-07,"GOOGL","Alphabet",146.061721801758
2025-04-08,"GOOGL","Alphabet",144.021331787109
2025-04-09,"GOOGL","Alphabet",157.96565246582
2025-04-10,"GOOGL","Alphabet",152.103256225586
2025-04-11,"GOOGL","Alphabet",156.40299987793
2025-04-14,"GOOGL","Alphabet",158.323944091797
2025-04-15,"GOOGL","Alphabet",155.576889038086
2025-04-16,"GOOGL","Alphabet",152.610870361328
2025-04-17,"GOOGL","Alphabet",150.451049804688
2025-04-21,"GOOGL","Alphabet",146.977416992188
2025-04-22,"GOOGL","Alphabet",150.759613037109
2025-04-23,"GOOGL","Alphabet",154.621398925781
2025-04-24,"GOOGL","Alphabet",158.532958984375
2025-04-25,"GOOGL","Alphabet",161.200378417969
2025-04-28,"GOOGL","Alphabet",159.856704711914
2025-04-29,"GOOGL","Alphabet",159.408843994141
2025-04-30,"GOOGL","Alphabet",158.055206298828
2025-05-01,"GOOGL","Alphabet",160.543487548828
2025-05-02,"GOOGL","Alphabet",163.260696411133
2025-05-05,"GOOGL","Alphabet",163.439834594727
2025-05-06,"GOOGL","Alphabet",162.464431762695
2025-05-07,"GOOGL","Alphabet",150.670013427734
2025-05-08,"GOOGL","Alphabet",153.556411743164
2025-05-09,"GOOGL","Alphabet",152.033599853516
2025-05-12,"GOOGL","Alphabet",157.716812133789
2025-05-13,"GOOGL","Alphabet",158.781799316406
2025-05-14,"GOOGL","Alphabet",164.594375610352
2025-05-15,"GOOGL","Alphabet",163.191024780273
2025-05-16,"GOOGL","Alphabet",165.410537719727
2025-05-19,"GOOGL","Alphabet",165.758880615234
2025-05-20,"GOOGL","Alphabet",163.210906982422
2025-05-21,"GOOGL","Alphabet",167.769454956055
2025-05-22,"GOOGL","Alphabet",170.068588256836
2025-05-23,"GOOGL","Alphabet",167.67985534668
2025-05-27,"GOOGL","Alphabet",172.089080810547
2025-05-28,"GOOGL","Alphabet",171.551620483398
2025-05-29,"GOOGL","Alphabet",171.053955078125
2025-05-30,"GOOGL","Alphabet",170.934509277344
2025-06-02,"GOOGL","Alphabet",168.237228393555
2025-06-03,"GOOGL","Alphabet",165.400573730469
2025-06-04,"GOOGL","Alphabet",167.261840820312
2025-06-05,"GOOGL","Alphabet",167.421081542969
2025-06-06,"GOOGL","Alphabet",172.865417480469
2025-06-09,"GOOGL","Alphabet",175.476303100586
2025-06-10,"GOOGL","Alphabet",177.977554321289
2025-06-11,"GOOGL","Alphabet",176.731918334961
2025-06-12,"GOOGL","Alphabet",175.087646484375
2025-06-13,"GOOGL","Alphabet",174.061233520508
2025-06-16,"GOOGL","Alphabet",176.153930664062
2025-06-17,"GOOGL","Alphabet",175.336791992188
2025-06-18,"GOOGL","Alphabet",172.715957641602
2025-06-20,"GOOGL","Alphabet",166.05924987793
2025-06-23,"GOOGL","Alphabet",164.614288330078
2025-06-24,"GOOGL","Alphabet",166.18879699707
2025-06-25,"GOOGL","Alphabet",170.085159301758
2025-06-26,"GOOGL","Alphabet",172.935180664062
2025-06-27,"GOOGL","Alphabet",177.907791137695
2025-06-30,"GOOGL","Alphabet",175.615814208984
2025-07-01,"GOOGL","Alphabet",175.227157592773
2025-07-02,"GOOGL","Alphabet",178.01741027832
2025-07-03,"GOOGL","Alphabet",178.904296875
2025-07-07,"GOOGL","Alphabet",176.173843383789
2025-07-08,"GOOGL","Alphabet",173.752319335938
2025-07-09,"GOOGL","Alphabet",176.004425048828
2025-07-10,"GOOGL","Alphabet",177.000946044922
2025-07-11,"GOOGL","Alphabet",179.56201171875
2025-07-14,"GOOGL","Alphabet",180.927230834961
2025-07-15,"GOOGL","Alphabet",181.365692138672
2025-07-16,"GOOGL","Alphabet",182.332336425781
2025-07-17,"GOOGL","Alphabet",182.940185546875
2025-07-18,"GOOGL","Alphabet",184.415023803711
2025-07-21,"GOOGL","Alphabet",189.437469482422
2025-07-22,"GOOGL","Alphabet",190.673141479492
2025-07-23,"GOOGL","Alphabet",189.567031860352
2025-07-24,"GOOGL","Alphabet",191.500244140625
2025-07-25,"GOOGL","Alphabet",192.506729125977
2025-07-28,"GOOGL","Alphabet",191.908813476562
2025-07-29,"GOOGL","Alphabet",195.067779541016
2025-07-30,"GOOGL","Alphabet",195.845062255859
2025-07-31,"GOOGL","Alphabet",191.231185913086
2025-08-01,"GOOGL","Alphabet",188.470840454102
2025-08-04,"GOOGL","Alphabet",194.360244750977
2025-08-05,"GOOGL","Alphabet",193.99153137207
2025-08-06,"GOOGL","Alphabet",195.406585693359
2025-08-07,"GOOGL","Alphabet",195.835098266602
2025-08-08,"GOOGL","Alphabet",200.718017578125
2025-08-11,"GOOGL","Alphabet",200.299468994141
2025-08-12,"GOOGL","Alphabet",202.631317138672
2025-08-13,"GOOGL","Alphabet",201.256149291992
2025-08-14,"GOOGL","Alphabet",202.232727050781
2025-08-15,"GOOGL","Alphabet",203.189361572266
2025-08-18,"GOOGL","Alphabet",202.790771484375
2025-08-19,"GOOGL","Alphabet",200.867492675781
2025-08-20,"GOOGL","Alphabet",198.625335693359
2025-08-21,"GOOGL","Alphabet",199.053817749023
2025-08-22,"GOOGL","Alphabet",205.37174987793
2025-08-25,"GOOGL","Alphabet",207.763366699219
2025-08-26,"GOOGL","Alphabet",206.418075561523
2025-08-27,"GOOGL","Alphabet",206.756896972656
2025-08-28,"GOOGL","Alphabet",210.902374267578
2025-08-29,"GOOGL","Alphabet",212.16796875
2025-09-02,"GOOGL","Alphabet",210.613433837891
2025-09-03,"GOOGL","Alphabet",229.856109619141
2025-09-04,"GOOGL","Alphabet",231.490386962891
2025-09-05,"GOOGL","Alphabet",234.18098449707
2025-09-08,"GOOGL","Alphabet",233.432907104492
2025-09-09,"GOOGL","Alphabet",239.008422851562
2025-09-10,"GOOGL","Alphabet",238.549606323242
2025-09-11,"GOOGL","Alphabet",239.746505737305
2025-09-12,"GOOGL","Alphabet",240.175384521484
2025-09-15,"GOOGL","Alphabet",250.957336425781
2025-09-16,"GOOGL","Alphabet",250.508514404297
2025-09-17,"GOOGL","Alphabet",248.882751464844
2025-09-18,"GOOGL","Alphabet",251.376266479492
2025-09-19,"GOOGL","Alphabet",254.059280395508
2025-09-22,"GOOGL","Alphabet",251.874969482422
2025-09-23,"GOOGL","Alphabet",251.007217407227
2025-09-24,"GOOGL","Alphabet",246.498947143555
2025-09-25,"GOOGL","Alphabet",245.152435302734
2025-09-26,"GOOGL","Alphabet",245.900482177734
2025-09-29,"GOOGL","Alphabet",243.416961669922
2025-09-30,"GOOGL","Alphabet",242.469436645508
2025-10-01,"GOOGL","Alphabet",244.264739990234
2025-10-02,"GOOGL","Alphabet",245.052719116211
2025-10-03,"GOOGL","Alphabet",244.713577270508
2025-10-06,"GOOGL","Alphabet",249.780395507812
2025-10-07,"GOOGL","Alphabet",245.122512817383
2025-10-08,"GOOGL","Alphabet",243.985473632812
2025-10-09,"GOOGL","Alphabet",240.90348815918
2025-10-10,"GOOGL","Alphabet",235.956359863281
2025-10-13,"GOOGL","Alphabet",243.516708374023
2025-10-14,"GOOGL","Alphabet",244.813323974609
2025-10-15,"GOOGL","Alphabet",250.378860473633
2025-10-16,"GOOGL","Alphabet",250.807723999023
2025-10-17,"GOOGL","Alphabet",252.642959594727
2025-10-20,"GOOGL","Alphabet",255.884521484375
2025-10-21,"GOOGL","Alphabet",249.810333251953
2025-10-22,"GOOGL","Alphabet",251.037139892578
2025-10-23,"GOOGL","Alphabet",252.423522949219
2025-10-24,"GOOGL","Alphabet",259.245819091797
2025-10-27,"GOOGL","Alphabet",268.571502685547
2025-10-28,"GOOGL","Alphabet",266.776245117188
2025-10-29,"GOOGL","Alphabet",273.857788085938
2025-10-30,"GOOGL","Alphabet",280.749877929688
2025-10-31,"GOOGL","Alphabet",280.460632324219
2025-11-03,"GOOGL","Alphabet",282.984039306641
2025-11-04,"GOOGL","Alphabet",276.820098876953
2025-11-05,"GOOGL","Alphabet",283.572540283203
2025-11-06,"GOOGL","Alphabet",284.011383056641
2025-11-07,"GOOGL","Alphabet",278.106719970703
2025-11-10,"GOOGL","Alphabet",289.347503662109
2025-11-11,"GOOGL","Alphabet",290.554351806641
2025-11-12,"GOOGL","Alphabet",285.966278076172
2025-11-13,"GOOGL","Alphabet",277.847412109375
2025-11-14,"GOOGL","Alphabet",275.693023681641
2025-11-17,"GOOGL","Alphabet",284.280670166016
2025-11-18,"GOOGL","Alphabet",283.542572021484
2025-11-19,"GOOGL","Alphabet",292.050476074219
2025-11-20,"GOOGL","Alphabet",288.69921875
2025-11-21,"GOOGL","Alphabet",298.882690429688
2025-11-24,"GOOGL","Alphabet",317.753601074219
2025-11-25,"GOOGL","Alphabet",322.601013183594
2025-11-26,"GOOGL","Alphabet",319.1201171875
2025-11-28,"GOOGL","Alphabet",319.349487304688
2025-12-01,"GOOGL","Alphabet",314.073211669922
2025-12-02,"GOOGL","Alphabet",314.990814208984
2025-12-03,"GOOGL","Alphabet",318.800903320312
2025-12-04,"GOOGL","Alphabet",316.796142578125
2025-12-05,"GOOGL","Alphabet",320.436614990234
2025-12-08,"GOOGL","Alphabet",313.110931396484
2025-12-09,"GOOGL","Alphabet",316.464385986328
2025-12-10,"GOOGL","Alphabet",319.588317871094
2025-12-11,"GOOGL","Alphabet",311.823394775391
2025-12-12,"GOOGL","Alphabet",308.689514160156
2025-12-15,"GOOGL","Alphabet",307.62158203125
2025-12-16,"GOOGL","Alphabet",305.974792480469
2025-12-17,"GOOGL","Alphabet",296.143920898438
2025-12-18,"GOOGL","Alphabet",301.872772216797
2025-12-19,"GOOGL","Alphabet",306.563659667969
2025-12-22,"GOOGL","Alphabet",309.178558349609
2025-12-23,"GOOGL","Alphabet",313.739685058594
2025-12-24,"GOOGL","Alphabet",313.480163574219
2025-12-26,"GOOGL","Alphabet",312.901336669922
2025-12-29,"GOOGL","Alphabet",312.951232910156
2025-12-30,"GOOGL","Alphabet",313.240661621094
2025-12-31,"GOOGL","Alphabet",312.392303466797
2026-01-02,"GOOGL","Alphabet",314.538146972656
2026-01-05,"GOOGL","Alphabet",315.925476074219
2026-01-06,"GOOGL","Alphabet",313.729705810547
2026-01-07,"GOOGL","Alphabet",321.354858398438
2026-01-08,"GOOGL","Alphabet",324.808166503906
2026-01-09,"GOOGL","Alphabet",327.932098388672
2026-01-12,"GOOGL","Alphabet",331.215667724609
2026-01-13,"GOOGL","Alphabet",335.317718505859
2026-01-14,"GOOGL","Alphabet",335.18798828125
2026-01-15,"GOOGL","Alphabet",332.133880615234
2026-01-16,"GOOGL","Alphabet",329.359313964844
2026-01-20,"GOOGL","Alphabet",321.374847412109
2026-01-21,"GOOGL","Alphabet",327.742462158203
2026-01-22,"GOOGL","Alphabet",329.898254394531
2026-01-23,"GOOGL","Alphabet",327.293304443359
2026-01-26,"GOOGL","Alphabet",332.612976074219
2026-01-27,"GOOGL","Alphabet",333.900451660156
2026-01-28,"GOOGL","Alphabet",335.357635498047
2026-01-29,"GOOGL","Alphabet",337.593292236328
2026-01-30,"GOOGL","Alphabet",337.343780517578
2026-02-02,"GOOGL","Alphabet",343.022735595703
2026-02-03,"GOOGL","Alphabet",339.050445556641
2026-02-04,"GOOGL","Alphabet",332.393402099609
2026-02-05,"GOOGL","Alphabet",330.606842041016
2026-02-06,"GOOGL","Alphabet",322.233154296875
2026-02-09,"GOOGL","Alphabet",323.690338134766
2026-02-10,"GOOGL","Alphabet",317.961456298828
2026-02-11,"GOOGL","Alphabet",310.356262207031
2026-02-12,"GOOGL","Alphabet",308.400054931641
2026-02-13,"GOOGL","Alphabet",305.126434326172
2026-02-17,"GOOGL","Alphabet",301.43359375
2026-02-18,"GOOGL","Alphabet",302.741088867188
2026-02-19,"GOOGL","Alphabet",302.262023925781
2026-02-20,"GOOGL","Alphabet",314.368469238281
2026-02-23,"GOOGL","Alphabet",310.885223388672
2026-02-24,"GOOGL","Alphabet",310.296417236328
2026-02-25,"GOOGL","Alphabet",312.29248046875
2026-02-26,"GOOGL","Alphabet",306.783264160156
2026-02-27,"GOOGL","Alphabet",311.154724121094
2026-03-02,"GOOGL","Alphabet",305.924865722656
2026-03-03,"GOOGL","Alphabet",302.990570068359
2026-03-04,"GOOGL","Alphabet",302.54150390625
2026-03-05,"GOOGL","Alphabet",300.295837402344
2026-03-06,"GOOGL","Alphabet",297.9404296875
2026-03-09,"GOOGL","Alphabet",305.980407714844
2026-03-10,"GOOGL","Alphabet",306.659606933594
2026-03-11,"GOOGL","Alphabet",308.317565917969
2026-03-12,"GOOGL","Alphabet",303.173919677734
2026-03-13,"GOOGL","Alphabet",301.905487060547
2026-03-16,"GOOGL","Alphabet",305.181427001953
2026-03-17,"GOOGL","Alphabet",310.534790039062
2026-03-18,"GOOGL","Alphabet",307.308776855469
2026-03-19,"GOOGL","Alphabet",306.749481201172
2026-03-20,"GOOGL","Alphabet",300.627075195312
2026-03-23,"GOOGL","Alphabet",301.685760498047
2026-03-24,"GOOGL","Alphabet",290.080169677734
2026-03-25,"GOOGL","Alphabet",290.569549560547
2026-03-26,"GOOGL","Alphabet",280.571990966797
2026-03-27,"GOOGL","Alphabet",274.000091552734
2026-03-30,"GOOGL","Alphabet",273.161163330078
2026-03-31,"GOOGL","Alphabet",287.203735351562
2026-04-01,"GOOGL","Alphabet",297.021575927734
2026-04-02,"GOOGL","Alphabet",295.403533935547
2026-04-06,"GOOGL","Alphabet",299.618347167969
2026-04-07,"GOOGL","Alphabet",305.08154296875
2026-04-08,"GOOGL","Alphabet",316.926879882812
2026-04-09,"GOOGL","Alphabet",318.095397949219
2026-04-10,"GOOGL","Alphabet",316.846954345703
2026-04-13,"GOOGL","Alphabet",320.911926269531
2026-04-14,"GOOGL","Alphabet",332.49755859375
2026-04-15,"GOOGL","Alphabet",336.702331542969
2026-04-16,"GOOGL","Alphabet",335.603668212891
2026-04-17,"GOOGL","Alphabet",341.256683349609
2026-04-20,"GOOGL","Alphabet",337.001983642578
2026-04-21,"GOOGL","Alphabet",331.878326416016
2026-04-22,"GOOGL","Alphabet",338.899627685547
2026-04-23,"GOOGL","Alphabet",338.470153808594
2026-04-24,"GOOGL","Alphabet",343.973327636719
2026-04-27,"GOOGL","Alphabet",349.905975341797
2026-04-28,"GOOGL","Alphabet",349.3466796875
2026-04-29,"GOOGL","Alphabet",349.506439208984
2026-04-30,"GOOGL","Alphabet",384.3232421875
2026-05-01,"GOOGL","Alphabet",385.212188720703
2026-05-04,"GOOGL","Alphabet",382.775177001953
2026-05-05,"GOOGL","Alphabet",387.948760986328
2026-05-06,"GOOGL","Alphabet",397.546875
2026-05-07,"GOOGL","Alphabet",397.496917724609
2026-05-08,"GOOGL","Alphabet",400.303436279297
2026-05-11,"GOOGL","Alphabet",388.158538818359
2026-05-12,"GOOGL","Alphabet",386.8701171875
2026-05-13,"GOOGL","Alphabet",402.121185302734
2026-05-14,"GOOGL","Alphabet",400.573120117188
2026-05-15,"GOOGL","Alphabet",396.288421630859
2026-05-18,"GOOGL","Alphabet",396.4482421875
2026-05-19,"GOOGL","Alphabet",387.179718017578
2026-05-20,"GOOGL","Alphabet",388.428192138672
2026-05-21,"GOOGL","Alphabet",387.179718017578
2026-05-22,"GOOGL","Alphabet",382.495544433594
2026-05-26,"GOOGL","Alphabet",388.398223876953
2026-05-27,"GOOGL","Alphabet",388.348266601562
2026-05-28,"GOOGL","Alphabet",389.646667480469
2026-05-29,"GOOGL","Alphabet",379.868774414062
2026-06-01,"GOOGL","Alphabet",375.903717041016
2026-06-02,"GOOGL","Alphabet",361.401702880859
2026-06-03,"GOOGL","Alphabet",358.545227050781
2026-06-04,"GOOGL","Alphabet",371.728881835938
2026-06-05,"GOOGL","Alphabet",368.073425292969
2026-06-08,"GOOGL","Alphabet",363.076629638672
2026-06-09,"GOOGL","Alphabet",364.026031494141
2026-06-10,"GOOGL","Alphabet",356.151092529297
2026-06-11,"GOOGL","Alphabet",357.540161132812
2026-06-12,"GOOGL","Alphabet",359.448944091797
2026-06-15,"GOOGL","Alphabet",369.112762451172
2026-06-16,"GOOGL","Alphabet",373.01025390625
2026-06-17,"GOOGL","Alphabet",363.556335449219
2026-06-18,"GOOGL","Alphabet",367.793579101562
2026-06-22,"GOOGL","Alphabet",349.455383300781
2026-06-23,"GOOGL","Alphabet",345.907653808594
2026-06-24,"GOOGL","Alphabet",345.068206787109
2026-06-25,"GOOGL","Alphabet",343.489196777344
2026-06-26,"GOOGL","Alphabet",337.173278808594
2026-06-29,"GOOGL","Alphabet",353.422821044922
2026-06-30,"GOOGL","Alphabet",357.140441894531
2026-07-01,"GOOGL","Alphabet",360.977966308594
2026-07-02,"GOOGL","Alphabet",359.678802490234
2026-07-06,"GOOGL","Alphabet",366.224578857422
2026-07-07,"GOOGL","Alphabet",366.794219970703
2026-07-08,"GOOGL","Alphabet",361.687530517578
2026-07-09,"GOOGL","Alphabet",358.659484863281
2026-07-10,"GOOGL","Alphabet",356.950561523438
2026-07-13,"GOOGL","Alphabet",352.283569335938
2026-07-14,"GOOGL","Alphabet",359.279083251953
2026-07-15,"GOOGL","Alphabet",370.681762695312
2026-07-16,"GOOGL","Alphabet",354.232299804688
2026-07-17,"GOOGL","Alphabet",346.547241210938
2026-07-20,"GOOGL","Alphabet",351.763885498047
2026-07-21,"GOOGL","Alphabet",346.927001953125
2026-07-22,"GOOGL","Alphabet",341.870239257812
2026-07-23,"GOOGL","Alphabet",317.485931396484
2026-07-24,"GOOGL","Alphabet",319.534606933594
2026-07-27,"GOOGL","Alphabet",326.350219726562
2026-07-28,"GOOGL","Alphabet",333.495635986328
2026-07-29,"GOOGL","Alphabet",336.493713378906
2026-07-30,"GOOGL","Alphabet",333.445678710938
2026-07-31,"GOOGL","Alphabet",355.901245117188
2026-08-03,"GOOGL","Alphabet",373.270080566406
2026-08-04,"GOOGL","Alphabet",377.407409667969
2026-08-05,"GOOGL","Alphabet",362.197174072266
2026-08-06,"GOOGL","Alphabet",357.520202636719
2026-08-07,"GOOGL","Alphabet",354.072387695312
2026-08-10,"GOOGL","Alphabet",357.290344238281
2026-08-11,"GOOGL","Alphabet",343.579132080078
2026-08-12,"GOOGL","Alphabet",343.3193359375
2026-08-13,"GOOGL","Alphabet",346.137512207031
2026-08-14,"GOOGL","Alphabet",345.677795410156
2026-08-17,"GOOGL","Alphabet",343.779022216797
2026-08-18,"GOOGL","Alphabet",343.978912353516
2026-08-19,"GOOGL","Alphabet",344.498565673828
2026-08-20,"GOOGL","Alphabet",340.451171875
2026-08-21,"GOOGL","Alphabet",344.598510742188
2026-08-24,"GOOGL","Alphabet",347.83642578125
2026-08-25,"GOOGL","Alphabet",346.737121582031
2026-08-26,"GOOGL","Alphabet",341.780303955078
2026-08-27,"GOOGL","Alphabet",340.431182861328
2026-08-28,"GOOGL","Alphabet",346.367370605469
2026-08-31,"GOOGL","Alphabet",339.132019042969
2026-09-01,"GOOGL","Alphabet",334.804779052734
2026-09-02,"GOOGL","Alphabet",336.903442382812
2026-09-03,"GOOGL","Alphabet",342.260009765625
2026-09-04,"GOOGL","Alphabet",338.459991455078
2026-09-08,"GOOGL","Alphabet",338.359985351562
2026-09-09,"GOOGL","Alphabet",330.649993896484
2026-09-10,"GOOGL","Alphabet",332.600006103516
2026-09-11,"GOOGL","Alphabet",338.5
2026-09-14,"GOOGL","Alphabet",349.390014648438
2026-09-15,"GOOGL","Alphabet",344.980010986328
2026-09-16,"GOOGL","Alphabet",342.869995117188
2022-01-03,"MSFT","Microsoft",321.8564453125
2022-01-04,"MSFT","Microsoft",316.337554931641
2022-01-05,"MSFT","Microsoft",304.194061279297
2022-01-06,"MSFT","Microsoft",301.790344238281
2022-01-07,"MSFT","Microsoft",301.944122314453
2022-01-10,"MSFT","Microsoft",302.165222167969
2022-01-11,"MSFT","Microsoft",302.847930908203
2022-01-12,"MSFT","Microsoft",306.011260986328
2022-01-13,"MSFT","Microsoft",293.059997558594
2022-01-14,"MSFT","Microsoft",298.252075195312
2022-01-18,"MSFT","Microsoft",290.992858886719
2022-01-19,"MSFT","Microsoft",291.646697998047
2022-01-20,"MSFT","Microsoft",289.983306884766
2022-01-21,"MSFT","Microsoft",284.627838134766
2022-01-24,"MSFT","Microsoft",284.954742431641
2022-01-25,"MSFT","Microsoft",277.378234863281
2022-01-26,"MSFT","Microsoft",285.281585693359
2022-01-27,"MSFT","Microsoft",288.291137695312
2022-01-28,"MSFT","Microsoft",296.386810302734
2022-01-31,"MSFT","Microsoft",299.001983642578
2022-02-01,"MSFT","Microsoft",296.867584228516
2022-02-02,"MSFT","Microsoft",301.386505126953
2022-02-03,"MSFT","Microsoft",289.646850585938
2022-02-04,"MSFT","Microsoft",294.156127929688
2022-02-07,"MSFT","Microsoft",289.358337402344
2022-02-08,"MSFT","Microsoft",292.829254150391
2022-02-09,"MSFT","Microsoft",299.223205566406
2022-02-10,"MSFT","Microsoft",290.733276367188
2022-02-11,"MSFT","Microsoft",283.676086425781
2022-02-14,"MSFT","Microsoft",283.637481689453
2022-02-15,"MSFT","Microsoft",288.896789550781
2022-02-16,"MSFT","Microsoft",288.559600830078
2022-02-17,"MSFT","Microsoft",280.110015869141
2022-02-18,"MSFT","Microsoft",277.412261962891
2022-02-22,"MSFT","Microsoft",277.2099609375
2022-02-23,"MSFT","Microsoft",270.032104492188
2022-02-24,"MSFT","Microsoft",283.828979492188
2022-02-25,"MSFT","Microsoft",286.449737548828
2022-02-28,"MSFT","Microsoft",287.875579833984
2022-03-01,"MSFT","Microsoft",284.175842285156
2022-03-02,"MSFT","Microsoft",289.224426269531
2022-03-03,"MSFT","Microsoft",285.110412597656
2022-03-04,"MSFT","Microsoft",279.271697998047
2022-03-07,"MSFT","Microsoft",268.721801757812
2022-03-08,"MSFT","Microsoft",265.773468017578
2022-03-09,"MSFT","Microsoft",277.961486816406
2022-03-10,"MSFT","Microsoft",275.157684326172
2022-03-11,"MSFT","Microsoft",269.839447021484
2022-03-14,"MSFT","Microsoft",266.342041015625
2022-03-15,"MSFT","Microsoft",276.660736083984
2022-03-16,"MSFT","Microsoft",283.636322021484
2022-03-17,"MSFT","Microsoft",284.435943603516
2022-03-18,"MSFT","Microsoft",289.455627441406
2022-03-21,"MSFT","Microsoft",288.232025146484
2022-03-22,"MSFT","Microsoft",292.953002929688
2022-03-23,"MSFT","Microsoft",288.549957275391
2022-03-24,"MSFT","Microsoft",292.991638183594
2022-03-25,"MSFT","Microsoft",292.586944580078
2022-03-28,"MSFT","Microsoft",299.350494384766
2022-03-29,"MSFT","Microsoft",303.888458251953
2022-03-30,"MSFT","Microsoft",302.395050048828
2022-03-31,"MSFT","Microsoft",297.047821044922
2022-04-01,"MSFT","Microsoft",298.117218017578
2022-04-04,"MSFT","Microsoft",303.464538574219
2022-04-05,"MSFT","Microsoft",299.523895263672
2022-04-06,"MSFT","Microsoft",288.559600830078
2022-04-07,"MSFT","Microsoft",290.361267089844
2022-04-08,"MSFT","Microsoft",286.121978759766
2022-04-11,"MSFT","Microsoft",274.839721679688
2022-04-12,"MSFT","Microsoft",271.756591796875
2022-04-13,"MSFT","Microsoft",277.113555908203
2022-04-14,"MSFT","Microsoft",269.608093261719
2022-04-18,"MSFT","Microsoft",270.272918701172
2022-04-19,"MSFT","Microsoft",274.878356933594
2022-04-20,"MSFT","Microsoft",275.899597167969
2022-04-21,"MSFT","Microsoft",270.552337646484
2022-04-22,"MSFT","Microsoft",264.020050048828
2022-04-25,"MSFT","Microsoft",270.465637207031
2022-04-26,"MSFT","Microsoft",260.349151611328
2022-04-27,"MSFT","Microsoft",272.874298095703
2022-04-28,"MSFT","Microsoft",279.050170898438
2022-04-29,"MSFT","Microsoft",267.382507324219
2022-05-02,"MSFT","Microsoft",274.078643798828
2022-05-03,"MSFT","Microsoft",271.486877441406
2022-05-04,"MSFT","Microsoft",279.387329101562
2022-05-05,"MSFT","Microsoft",267.218780517578
2022-05-06,"MSFT","Microsoft",264.694427490234
2022-05-09,"MSFT","Microsoft",254.915161132812
2022-05-10,"MSFT","Microsoft",259.655487060547
2022-05-11,"MSFT","Microsoft",251.032409667969
2022-05-12,"MSFT","Microsoft",246.022384643555
2022-05-13,"MSFT","Microsoft",251.581604003906
2022-05-16,"MSFT","Microsoft",251.947631835938
2022-05-17,"MSFT","Microsoft",257.073394775391
2022-05-18,"MSFT","Microsoft",245.368927001953
2022-05-19,"MSFT","Microsoft",244.461151123047
2022-05-20,"MSFT","Microsoft",243.901016235352
2022-05-23,"MSFT","Microsoft",251.713668823242
2022-05-24,"MSFT","Microsoft",250.718978881836
2022-05-25,"MSFT","Microsoft",253.51953125
2022-05-26,"MSFT","Microsoft",256.78369140625
2022-05-27,"MSFT","Microsoft",263.872009277344
2022-05-31,"MSFT","Microsoft",262.548950195312
2022-06-01,"MSFT","Microsoft",263.080139160156
2022-06-02,"MSFT","Microsoft",265.166107177734
2022-06-03,"MSFT","Microsoft",260.762420654297
2022-06-06,"MSFT","Microsoft",259.535919189453
2022-06-07,"MSFT","Microsoft",263.157379150391
2022-06-08,"MSFT","Microsoft",261.139007568359
2022-06-09,"MSFT","Microsoft",255.711761474609
2022-06-10,"MSFT","Microsoft",244.316314697266
2022-06-13,"MSFT","Microsoft",233.954132080078
2022-06-14,"MSFT","Microsoft",236.107727050781
2022-06-15,"MSFT","Microsoft",243.128448486328
2022-06-16,"MSFT","Microsoft",236.571273803711
2022-06-17,"MSFT","Microsoft",239.15934753418
2022-06-21,"MSFT","Microsoft",245.040573120117
2022-06-22,"MSFT","Microsoft",244.451477050781
2022-06-23,"MSFT","Microsoft",249.98503112793
2022-06-24,"MSFT","Microsoft",258.522064208984
2022-06-27,"MSFT","Microsoft",255.808334350586
2022-06-28,"MSFT","Microsoft",247.686645507812
2022-06-29,"MSFT","Microsoft",251.337051391602
2022-06-30,"MSFT","Microsoft",248.02458190918
2022-07-01,"MSFT","Microsoft",250.680374145508
2022-07-05,"MSFT","Microsoft",253.838256835938
2022-07-06,"MSFT","Microsoft",257.0830078125
2022-07-07,"MSFT","Microsoft",259.197998046875
2022-07-08,"MSFT","Microsoft",258.483337402344
2022-07-11,"MSFT","Microsoft",255.441314697266
2022-07-12,"MSFT","Microsoft",244.97297668457
2022-07-13,"MSFT","Microsoft",244.055526733398
2022-07-14,"MSFT","Microsoft",245.368927001953
2022-07-15,"MSFT","Microsoft",247.918426513672
2022-07-18,"MSFT","Microsoft",245.533081054688
2022-07-19,"MSFT","Microsoft",250.632064819336
2022-07-20,"MSFT","Microsoft",253.278091430664
2022-07-21,"MSFT","Microsoft",255.760025024414
2022-07-22,"MSFT","Microsoft",251.433609008789
2022-07-25,"MSFT","Microsoft",249.956039428711
2022-07-26,"MSFT","Microsoft",243.263656616211
2022-07-27,"MSFT","Microsoft",259.526306152344
2022-07-28,"MSFT","Microsoft",266.933349609375
2022-07-29,"MSFT","Microsoft",271.114959716797
2022-08-01,"MSFT","Microsoft",268.478546142578
2022-08-02,"MSFT","Microsoft",265.397918701172
2022-08-03,"MSFT","Microsoft",272.785583496094
2022-08-04,"MSFT","Microsoft",273.925079345703
2022-08-05,"MSFT","Microsoft",273.210479736328
2022-08-08,"MSFT","Microsoft",270.709350585938
2022-08-09,"MSFT","Microsoft",272.621368408203
2022-08-10,"MSFT","Microsoft",279.246246337891
2022-08-11,"MSFT","Microsoft",277.179595947266
2022-08-12,"MSFT","Microsoft",281.901977539062
2022-08-15,"MSFT","Microsoft",283.408416748047
2022-08-16,"MSFT","Microsoft",282.674499511719
2022-08-17,"MSFT","Microsoft",281.929290771484
2022-08-18,"MSFT","Microsoft",280.816345214844
2022-08-19,"MSFT","Microsoft",276.925964355469
2022-08-22,"MSFT","Microsoft",268.796722412109
2022-08-23,"MSFT","Microsoft",267.529022216797
2022-08-24,"MSFT","Microsoft",266.899932861328
2022-08-25,"MSFT","Microsoft",269.861236572266
2022-08-26,"MSFT","Microsoft",259.448120117188
2022-08-29,"MSFT","Microsoft",256.680297851562
2022-08-30,"MSFT","Microsoft",254.493255615234
2022-08-31,"MSFT","Microsoft",253.041488647461
2022-09-01,"MSFT","Microsoft",252.005981445312
2022-09-02,"MSFT","Microsoft",247.805923461914
2022-09-06,"MSFT","Microsoft",245.086517333984
2022-09-07,"MSFT","Microsoft",249.770477294922
2022-09-08,"MSFT","Microsoft",250.186599731445
2022-09-09,"MSFT","Microsoft",255.935089111328
2022-09-12,"MSFT","Microsoft",258.054565429688
2022-09-13,"MSFT","Microsoft",243.867126464844
2022-09-14,"MSFT","Microsoft",244.089706420898
2022-09-15,"MSFT","Microsoft",237.470199584961
2022-09-16,"MSFT","Microsoft",236.850784301758
2022-09-19,"MSFT","Microsoft",236.637924194336
2022-09-20,"MSFT","Microsoft",234.634643554688
2022-09-21,"MSFT","Microsoft",231.247436523438
2022-09-22,"MSFT","Microsoft",233.211990356445
2022-09-23,"MSFT","Microsoft",230.25065612793
2022-09-26,"MSFT","Microsoft",229.795806884766
2022-09-27,"MSFT","Microsoft",228.789306640625
2022-09-28,"MSFT","Microsoft",233.29914855957
2022-09-29,"MSFT","Microsoft",229.844192504883
2022-09-30,"MSFT","Microsoft",225.392486572266
2022-10-03,"MSFT","Microsoft",232.979782104492
2022-10-04,"MSFT","Microsoft",240.857345581055
2022-10-05,"MSFT","Microsoft",241.167022705078
2022-10-06,"MSFT","Microsoft",238.834716796875
2022-10-07,"MSFT","Microsoft",226.689300537109
2022-10-10,"MSFT","Microsoft",221.860122680664
2022-10-11,"MSFT","Microsoft",218.143936157227
2022-10-12,"MSFT","Microsoft",218.472991943359
2022-10-13,"MSFT","Microsoft",226.689300537109
2022-10-14,"MSFT","Microsoft",221.192367553711
2022-10-17,"MSFT","Microsoft",229.873260498047
2022-10-18,"MSFT","Microsoft",230.811965942383
2022-10-19,"MSFT","Microsoft",228.857070922852
2022-10-20,"MSFT","Microsoft",228.537689208984
2022-10-21,"MSFT","Microsoft",234.315277099609
2022-10-24,"MSFT","Microsoft",239.279907226562
2022-10-25,"MSFT","Microsoft",242.580017089844
2022-10-26,"MSFT","Microsoft",223.863418579102
2022-10-27,"MSFT","Microsoft",219.440719604492
2022-10-28,"MSFT","Microsoft",228.266708374023
2022-10-31,"MSFT","Microsoft",224.647308349609
2022-11-01,"MSFT","Microsoft",220.814926147461
2022-11-02,"MSFT","Microsoft",213.005081176758
2022-11-03,"MSFT","Microsoft",207.343658447266
2022-11-04,"MSFT","Microsoft",214.253494262695
2022-11-07,"MSFT","Microsoft",220.524612426758
2022-11-08,"MSFT","Microsoft",221.492385864258
2022-11-09,"MSFT","Microsoft",217.272918701172
2022-11-10,"MSFT","Microsoft",235.147521972656
2022-11-11,"MSFT","Microsoft",239.144424438477
2022-11-14,"MSFT","Microsoft",233.763641357422
2022-11-15,"MSFT","Microsoft",234.170104980469
2022-11-16,"MSFT","Microsoft",234.597137451172
2022-11-17,"MSFT","Microsoft",234.548583984375
2022-11-18,"MSFT","Microsoft",234.102127075195
2022-11-21,"MSFT","Microsoft",234.907669067383
2022-11-22,"MSFT","Microsoft",237.799743652344
2022-11-23,"MSFT","Microsoft",240.274520874023
2022-11-25,"MSFT","Microsoft",240.18717956543
2022-11-28,"MSFT","Microsoft",234.626220703125
2022-11-29,"MSFT","Microsoft",233.238418579102
2022-11-30,"MSFT","Microsoft",247.611404418945
2022-12-01,"MSFT","Microsoft",247.174713134766
2022-12-02,"MSFT","Microsoft",247.49494934082
2022-12-05,"MSFT","Microsoft",242.817184448242
2022-12-06,"MSFT","Microsoft",237.887069702148
2022-12-07,"MSFT","Microsoft",237.1591796875
2022-12-08,"MSFT","Microsoft",240.099807739258
2022-12-09,"MSFT","Microsoft",238.178207397461
2022-12-12,"MSFT","Microsoft",245.059020996094
2022-12-13,"MSFT","Microsoft",249.338912963867
2022-12-14,"MSFT","Microsoft",249.630065917969
2022-12-15,"MSFT","Microsoft",241.66227722168
2022-12-16,"MSFT","Microsoft",237.469772338867
2022-12-19,"MSFT","Microsoft",233.354904174805
2022-12-20,"MSFT","Microsoft",234.665069580078
2022-12-21,"MSFT","Microsoft",237.217437744141
2022-12-22,"MSFT","Microsoft",231.161590576172
2022-12-23,"MSFT","Microsoft",231.685607910156
2022-12-27,"MSFT","Microsoft",229.967849731445
2022-12-28,"MSFT","Microsoft",227.609588623047
2022-12-29,"MSFT","Microsoft",233.898330688477
2022-12-30,"MSFT","Microsoft",232.743499755859
2023-01-03,"MSFT","Microsoft",232.510559082031
2023-01-04,"MSFT","Microsoft",222.339813232422
2023-01-05,"MSFT","Microsoft",215.750152587891
2023-01-06,"MSFT","Microsoft",218.292861938477
2023-01-09,"MSFT","Microsoft",220.418212890625
2023-01-10,"MSFT","Microsoft",222.097152709961
2023-01-11,"MSFT","Microsoft",228.812957763672
2023-01-12,"MSFT","Microsoft",231.472106933594
2023-01-13,"MSFT","Microsoft",232.1708984375
2023-01-17,"MSFT","Microsoft",233.257843017578
2023-01-18,"MSFT","Microsoft",228.851821899414
2023-01-19,"MSFT","Microsoft",225.086303710938
2023-01-20,"MSFT","Microsoft",233.131683349609
2023-01-23,"MSFT","Microsoft",235.422027587891
2023-01-24,"MSFT","Microsoft",234.897979736328
2023-01-25,"MSFT","Microsoft",233.510116577148
2023-01-26,"MSFT","Microsoft",240.682113647461
2023-01-27,"MSFT","Microsoft",240.837371826172
2023-01-30,"MSFT","Microsoft",235.54817199707
2023-01-31,"MSFT","Microsoft",240.497695922852
2023-02-01,"MSFT","Microsoft",245.291961669922
2023-02-02,"MSFT","Microsoft",256.792236328125
2023-02-03,"MSFT","Microsoft",250.726715087891
2023-02-06,"MSFT","Microsoft",249.193298339844
2023-02-07,"MSFT","Microsoft",259.664947509766
2023-02-08,"MSFT","Microsoft",258.859497070312
2023-02-09,"MSFT","Microsoft",255.841201782227
2023-02-10,"MSFT","Microsoft",255.336563110352
2023-02-13,"MSFT","Microsoft",263.313995361328
2023-02-14,"MSFT","Microsoft",264.138916015625
2023-02-15,"MSFT","Microsoft",262.027709960938
2023-02-16,"MSFT","Microsoft",255.051727294922
2023-02-17,"MSFT","Microsoft",251.072555541992
2023-02-21,"MSFT","Microsoft",245.828460693359
2023-02-22,"MSFT","Microsoft",244.69987487793
2023-02-23,"MSFT","Microsoft",247.871627807617
2023-02-24,"MSFT","Microsoft",242.471908569336
2023-02-27,"MSFT","Microsoft",243.386459350586
2023-02-28,"MSFT","Microsoft",242.666488647461
2023-03-01,"MSFT","Microsoft",239.601760864258
2023-03-02,"MSFT","Microsoft",244.31071472168
2023-03-03,"MSFT","Microsoft",248.377548217773
2023-03-06,"MSFT","Microsoft",249.914749145508
2023-03-07,"MSFT","Microsoft",247.268417358398
2023-03-08,"MSFT","Microsoft",246.830612182617
2023-03-09,"MSFT","Microsoft",245.487976074219
2023-03-10,"MSFT","Microsoft",241.858963012695
2023-03-13,"MSFT","Microsoft",247.044616699219
2023-03-14,"MSFT","Microsoft",253.728652954102
2023-03-15,"MSFT","Microsoft",258.252746582031
2023-03-16,"MSFT","Microsoft",268.721405029297
2023-03-17,"MSFT","Microsoft",271.863922119141
2023-03-20,"MSFT","Microsoft",264.85888671875
2023-03-21,"MSFT","Microsoft",266.366851806641
2023-03-22,"MSFT","Microsoft",264.917175292969
2023-03-23,"MSFT","Microsoft",270.141906738281
2023-03-24,"MSFT","Microsoft",272.973022460938
2023-03-27,"MSFT","Microsoft",268.896545410156
2023-03-28,"MSFT","Microsoft",267.777587890625
2023-03-29,"MSFT","Microsoft",272.914703369141
2023-03-30,"MSFT","Microsoft",276.358825683594
2023-03-31,"MSFT","Microsoft",280.493713378906
2023-04-03,"MSFT","Microsoft",279.452758789062
2023-04-04,"MSFT","Microsoft",279.404052734375
2023-04-05,"MSFT","Microsoft",276.640899658203
2023-04-06,"MSFT","Microsoft",283.704467773438
2023-04-10,"MSFT","Microsoft",281.554229736328
2023-04-11,"MSFT","Microsoft",275.171844482422
2023-04-12,"MSFT","Microsoft",275.814025878906
2023-04-13,"MSFT","Microsoft",281.992004394531
2023-04-14,"MSFT","Microsoft",278.392242431641
2023-04-17,"MSFT","Microsoft",280.980224609375
2023-04-18,"MSFT","Microsoft",280.561859130859
2023-04-19,"MSFT","Microsoft",280.639739990234
2023-04-20,"MSFT","Microsoft",278.363006591797
2023-04-21,"MSFT","Microsoft",278.022521972656
2023-04-24,"MSFT","Microsoft",274.140472412109
2023-04-25,"MSFT","Microsoft",267.962524414062
2023-04-26,"MSFT","Microsoft",287.372283935547
2023-04-27,"MSFT","Microsoft",296.576171875
2023-04-28,"MSFT","Microsoft",298.940338134766
2023-05-01,"MSFT","Microsoft",297.286407470703
2023-05-02,"MSFT","Microsoft",297.140441894531
2023-05-03,"MSFT","Microsoft",296.157745361328
2023-05-04,"MSFT","Microsoft",297.140441894531
2023-05-05,"MSFT","Microsoft",302.238555908203
2023-05-08,"MSFT","Microsoft",300.292724609375
2023-05-09,"MSFT","Microsoft",298.687377929688
2023-05-10,"MSFT","Microsoft",303.853607177734
2023-05-11,"MSFT","Microsoft",301.713165283203
2023-05-12,"MSFT","Microsoft",300.604034423828
2023-05-15,"MSFT","Microsoft",301.080810546875
2023-05-16,"MSFT","Microsoft",303.299102783203
2023-05-17,"MSFT","Microsoft",306.165679931641
2023-05-18,"MSFT","Microsoft",310.572937011719
2023-05-19,"MSFT","Microsoft",310.397430419922
2023-05-22,"MSFT","Microsoft",313.166564941406
2023-05-23,"MSFT","Microsoft",307.394317626953
2023-05-24,"MSFT","Microsoft",306.019470214844
2023-05-25,"MSFT","Microsoft",317.788330078125
2023-05-26,"MSFT","Microsoft",324.58447265625
2023-05-30,"MSFT","Microsoft",322.946319580078
2023-05-31,"MSFT","Microsoft",320.196685791016
2023-06-01,"MSFT","Microsoft",324.282104492188
2023-06-02,"MSFT","Microsoft",327.031768798828
2023-06-05,"MSFT","Microsoft",327.558288574219
2023-06-06,"MSFT","Microsoft",325.354644775391
2023-06-07,"MSFT","Microsoft",315.311676025391
2023-06-08,"MSFT","Microsoft",317.144744873047
2023-06-09,"MSFT","Microsoft",318.636657714844
2023-06-12,"MSFT","Microsoft",323.5703125
2023-06-13,"MSFT","Microsoft",325.949523925781
2023-06-14,"MSFT","Microsoft",328.92333984375
2023-06-15,"MSFT","Microsoft",339.414978027344
2023-06-16,"MSFT","Microsoft",333.788879394531
2023-06-20,"MSFT","Microsoft",329.615692138672
2023-06-21,"MSFT","Microsoft",325.237701416016
2023-06-22,"MSFT","Microsoft",331.234222412109
2023-06-23,"MSFT","Microsoft",326.661285400391
2023-06-26,"MSFT","Microsoft",320.401458740234
2023-06-27,"MSFT","Microsoft",326.222473144531
2023-06-28,"MSFT","Microsoft",327.470611572266
2023-06-29,"MSFT","Microsoft",326.690490722656
2023-06-30,"MSFT","Microsoft",332.043518066406
2023-07-03,"MSFT","Microsoft",329.557159423828
2023-07-05,"MSFT","Microsoft",329.713104248047
2023-07-06,"MSFT","Microsoft",332.75537109375
2023-07-07,"MSFT","Microsoft",328.806335449219
2023-07-10,"MSFT","Microsoft",323.550811767578
2023-07-11,"MSFT","Microsoft",324.174865722656
2023-07-12,"MSFT","Microsoft",328.786926269531
2023-07-13,"MSFT","Microsoft",334.110656738281
2023-07-14,"MSFT","Microsoft",336.626220703125
2023-07-17,"MSFT","Microsoft",337.104064941406
2023-07-18,"MSFT","Microsoft",350.520690917969
2023-07-19,"MSFT","Microsoft",346.220794677734
2023-07-20,"MSFT","Microsoft",338.215606689453
2023-07-21,"MSFT","Microsoft",335.192932128906
2023-07-24,"MSFT","Microsoft",336.499481201172
2023-07-25,"MSFT","Microsoft",342.223083496094
2023-07-26,"MSFT","Microsoft",329.342559814453
2023-07-27,"MSFT","Microsoft",322.468505859375
2023-07-28,"MSFT","Microsoft",329.927642822266
2023-07-31,"MSFT","Microsoft",327.538848876953
2023-08-01,"MSFT","Microsoft",327.948333740234
2023-08-02,"MSFT","Microsoft",319.328918457031
2023-08-03,"MSFT","Microsoft",318.509796142578
2023-08-04,"MSFT","Microsoft",319.601898193359
2023-08-07,"MSFT","Microsoft",321.873718261719
2023-08-08,"MSFT","Microsoft",317.915069580078
2023-08-09,"MSFT","Microsoft",314.190399169922
2023-08-10,"MSFT","Microsoft",314.872863769531
2023-08-11,"MSFT","Microsoft",313.000793457031
2023-08-14,"MSFT","Microsoft",315.955139160156
2023-08-15,"MSFT","Microsoft",313.829559326172
2023-08-16,"MSFT","Microsoft",313.067443847656
2023-08-17,"MSFT","Microsoft",309.628021240234
2023-08-18,"MSFT","Microsoft",309.237182617188
2023-08-21,"MSFT","Microsoft",314.513610839844
2023-08-22,"MSFT","Microsoft",315.080291748047
2023-08-23,"MSFT","Microsoft",319.516418457031
2023-08-24,"MSFT","Microsoft",312.647308349609
2023-08-25,"MSFT","Microsoft",315.588409423828
2023-08-28,"MSFT","Microsoft",316.291931152344
2023-08-29,"MSFT","Microsoft",320.894104003906
2023-08-30,"MSFT","Microsoft",321.265441894531
2023-08-31,"MSFT","Microsoft",320.259002685547
2023-09-01,"MSFT","Microsoft",321.138488769531
2023-09-05,"MSFT","Microsoft",325.91650390625
2023-09-06,"MSFT","Microsoft",325.261840820312
2023-09-07,"MSFT","Microsoft",322.359832763672
2023-09-08,"MSFT","Microsoft",326.619995117188
2023-09-11,"MSFT","Microsoft",330.206115722656
2023-09-12,"MSFT","Microsoft",324.177185058594
2023-09-13,"MSFT","Microsoft",328.369079589844
2023-09-14,"MSFT","Microsoft",330.948638916016
2023-09-15,"MSFT","Microsoft",322.662719726562
2023-09-18,"MSFT","Microsoft",321.529235839844
2023-09-19,"MSFT","Microsoft",321.128631591797
2023-09-20,"MSFT","Microsoft",313.429016113281
2023-09-21,"MSFT","Microsoft",312.217376708984
2023-09-22,"MSFT","Microsoft",309.755065917969
2023-09-25,"MSFT","Microsoft",310.27294921875
2023-09-26,"MSFT","Microsoft",304.996551513672
2023-09-27,"MSFT","Microsoft",305.631591796875
2023-09-28,"MSFT","Microsoft",306.462127685547
2023-09-29,"MSFT","Microsoft",308.523834228516
2023-10-02,"MSFT","Microsoft",314.435424804688
2023-10-03,"MSFT","Microsoft",306.217926025391
2023-10-04,"MSFT","Microsoft",311.660461425781
2023-10-05,"MSFT","Microsoft",312.05126953125
2023-10-06,"MSFT","Microsoft",319.770477294922
2023-10-09,"MSFT","Microsoft",322.271881103516
2023-10-10,"MSFT","Microsoft",320.874603271484
2023-10-11,"MSFT","Microsoft",324.812408447266
2023-10-12,"MSFT","Microsoft",323.581207275391
2023-10-13,"MSFT","Microsoft",320.229675292969
2023-10-16,"MSFT","Microsoft",325.02734375
2023-10-17,"MSFT","Microsoft",324.460571289062
2023-10-18,"MSFT","Microsoft",322.555267333984
2023-10-19,"MSFT","Microsoft",323.737579345703
2023-10-20,"MSFT","Microsoft",319.193969726562
2023-10-23,"MSFT","Microsoft",321.783325195312
2023-10-24,"MSFT","Microsoft",322.965667724609
2023-10-25,"MSFT","Microsoft",332.873596191406
2023-10-26,"MSFT","Microsoft",320.386077880859
2023-10-27,"MSFT","Microsoft",322.262145996094
2023-10-30,"MSFT","Microsoft",329.590484619141
2023-10-31,"MSFT","Microsoft",330.372222900391
2023-11-01,"MSFT","Microsoft",338.149993896484
2023-11-02,"MSFT","Microsoft",340.348510742188
2023-11-03,"MSFT","Microsoft",344.726013183594
2023-11-06,"MSFT","Microsoft",348.370574951172
2023-11-07,"MSFT","Microsoft",352.279022216797
2023-11-08,"MSFT","Microsoft",354.887939453125
2023-11-09,"MSFT","Microsoft",352.435394287109
2023-11-10,"MSFT","Microsoft",361.209869384766
2023-11-13,"MSFT","Microsoft",358.288299560547
2023-11-14,"MSFT","Microsoft",361.796142578125
2023-11-15,"MSFT","Microsoft",361.943023681641
2023-11-16,"MSFT","Microsoft",368.307189941406
2023-11-17,"MSFT","Microsoft",362.119262695312
2023-11-20,"MSFT","Microsoft",369.550598144531
2023-11-21,"MSFT","Microsoft",365.271942138672
2023-11-22,"MSFT","Microsoft",369.952056884766
2023-11-24,"MSFT","Microsoft",369.540802001953
2023-11-27,"MSFT","Microsoft",370.696105957031
2023-11-28,"MSFT","Microsoft",374.700622558594
2023-11-29,"MSFT","Microsoft",370.931182861328
2023-11-30,"MSFT","Microsoft",370.989898681641
2023-12-01,"MSFT","Microsoft",366.681884765625
2023-12-04,"MSFT","Microsoft",361.424102783203
2023-12-05,"MSFT","Microsoft",364.733428955078
2023-12-06,"MSFT","Microsoft",361.091217041016
2023-12-07,"MSFT","Microsoft",363.1962890625
2023-12-08,"MSFT","Microsoft",366.407745361328
2023-12-11,"MSFT","Microsoft",363.538940429688
2023-12-12,"MSFT","Microsoft",366.554595947266
2023-12-13,"MSFT","Microsoft",366.544738769531
2023-12-14,"MSFT","Microsoft",358.281158447266
2023-12-15,"MSFT","Microsoft",362.980865478516
2023-12-18,"MSFT","Microsoft",364.860717773438
2023-12-19,"MSFT","Microsoft",365.457977294922
2023-12-20,"MSFT","Microsoft",362.873138427734
2023-12-21,"MSFT","Microsoft",365.732147216797
2023-12-22,"MSFT","Microsoft",366.750366210938
2023-12-26,"MSFT","Microsoft",366.828735351562
2023-12-27,"MSFT","Microsoft",366.251068115234
2023-12-28,"MSFT","Microsoft",367.435729980469
2023-12-29,"MSFT","Microsoft",368.179840087891
2024-01-02,"MSFT","Microsoft",363.117950439453
2024-01-03,"MSFT","Microsoft",362.853546142578
2024-01-04,"MSFT","Microsoft",360.249114990234
2024-01-05,"MSFT","Microsoft",360.063140869141
2024-01-08,"MSFT","Microsoft",366.858093261719
2024-01-09,"MSFT","Microsoft",367.935119628906
2024-01-10,"MSFT","Microsoft",374.769195556641
2024-01-11,"MSFT","Microsoft",376.59033203125
2024-01-12,"MSFT","Microsoft",380.350036621094
2024-01-16,"MSFT","Microsoft",382.112396240234
2024-01-17,"MSFT","Microsoft",381.329162597656
2024-01-18,"MSFT","Microsoft",385.637176513672
2024-01-19,"MSFT","Microsoft",390.336853027344
2024-01-22,"MSFT","Microsoft",388.222045898438
2024-01-23,"MSFT","Microsoft",390.562042236328
2024-01-24,"MSFT","Microsoft",394.145568847656
2024-01-25,"MSFT","Microsoft",396.407287597656
2024-01-26,"MSFT","Microsoft",395.486907958984
2024-01-29,"MSFT","Microsoft",401.155853271484
2024-01-30,"MSFT","Microsoft",400.049530029297
2024-01-31,"MSFT","Microsoft",389.269653320312
2024-02-01,"MSFT","Microsoft",395.340026855469
2024-02-02,"MSFT","Microsoft",402.62451171875
2024-02-05,"MSFT","Microsoft",397.170989990234
2024-02-06,"MSFT","Microsoft",397.014282226562
2024-02-07,"MSFT","Microsoft",405.395385742188
2024-02-08,"MSFT","Microsoft",405.4541015625
2024-02-09,"MSFT","Microsoft",411.759460449219
2024-02-12,"MSFT","Microsoft",406.580047607422
2024-02-13,"MSFT","Microsoft",397.826995849609
2024-02-14,"MSFT","Microsoft",401.672058105469
2024-02-15,"MSFT","Microsoft",398.798034667969
2024-02-16,"MSFT","Microsoft",396.345794677734
2024-02-20,"MSFT","Microsoft",395.099975585938
2024-02-21,"MSFT","Microsoft",394.501647949219
2024-02-22,"MSFT","Microsoft",403.790832519531
2024-02-23,"MSFT","Microsoft",402.505889892578
2024-02-26,"MSFT","Microsoft",399.759338378906
2024-02-27,"MSFT","Microsoft",399.700531005859
2024-02-28,"MSFT","Microsoft",399.935882568359
2024-02-29,"MSFT","Microsoft",405.742919921875
2024-03-01,"MSFT","Microsoft",407.567352294922
2024-03-04,"MSFT","Microsoft",406.998474121094
2024-03-05,"MSFT","Microsoft",394.962646484375
2024-03-06,"MSFT","Microsoft",394.413330078125
2024-03-07,"MSFT","Microsoft",401.328857421875
2024-03-08,"MSFT","Microsoft",398.464599609375
2024-03-11,"MSFT","Microsoft",396.796936035156
2024-03-12,"MSFT","Microsoft",407.3515625
2024-03-13,"MSFT","Microsoft",407.174987792969
2024-03-14,"MSFT","Microsoft",417.101806640625
2024-03-15,"MSFT","Microsoft",408.469757080078
2024-03-18,"MSFT","Microsoft",409.352630615234
2024-03-19,"MSFT","Microsoft",413.364501953125
2024-03-20,"MSFT","Microsoft",417.111633300781
2024-03-21,"MSFT","Microsoft",421.172576904297
2024-03-22,"MSFT","Microsoft",420.554534912109
2024-03-25,"MSFT","Microsoft",414.786834716797
2024-03-26,"MSFT","Microsoft",413.599914550781
2024-03-27,"MSFT","Microsoft",413.384124755859
2024-03-28,"MSFT","Microsoft",412.687683105469
2024-04-01,"MSFT","Microsoft",416.464202880859
2024-04-02,"MSFT","Microsoft",413.393951416016
2024-04-03,"MSFT","Microsoft",412.422821044922
2024-04-04,"MSFT","Microsoft",409.901947021484
2024-04-05,"MSFT","Microsoft",417.396057128906
2024-04-08,"MSFT","Microsoft",416.483825683594
2024-04-09,"MSFT","Microsoft",418.141540527344
2024-04-10,"MSFT","Microsoft",415.17919921875
2024-04-11,"MSFT","Microsoft",419.760040283203
2024-04-12,"MSFT","Microsoft",413.845184326172
2024-04-15,"MSFT","Microsoft",405.742919921875
2024-04-16,"MSFT","Microsoft",406.664886474609
2024-04-17,"MSFT","Microsoft",403.977233886719
2024-04-18,"MSFT","Microsoft",396.551727294922
2024-04-19,"MSFT","Microsoft",391.500091552734
2024-04-22,"MSFT","Microsoft",393.304962158203
2024-04-23,"MSFT","Microsoft",399.788787841797
2024-04-24,"MSFT","Microsoft",401.250305175781
2024-04-25,"MSFT","Microsoft",391.421569824219
2024-04-26,"MSFT","Microsoft",398.562652587891
2024-04-29,"MSFT","Microsoft",394.5703125
2024-04-30,"MSFT","Microsoft",381.89697265625
2024-05-01,"MSFT","Microsoft",387.399841308594
2024-05-02,"MSFT","Microsoft",390.244506835938
2024-05-03,"MSFT","Microsoft",398.896148681641
2024-05-06,"MSFT","Microsoft",405.644805908203
2024-05-07,"MSFT","Microsoft",401.524963378906
2024-05-08,"MSFT","Microsoft",402.702087402344
2024-05-09,"MSFT","Microsoft",404.448059082031
2024-05-10,"MSFT","Microsoft",406.821868896484
2024-05-13,"MSFT","Microsoft",405.821380615234
2024-05-14,"MSFT","Microsoft",408.607147216797
2024-05-15,"MSFT","Microsoft",415.751190185547
2024-05-16,"MSFT","Microsoft",413.697387695312
2024-05-17,"MSFT","Microsoft",412.930908203125
2024-05-20,"MSFT","Microsoft",417.972045898438
2024-05-21,"MSFT","Microsoft",421.607971191406
2024-05-22,"MSFT","Microsoft",423.062316894531
2024-05-23,"MSFT","Microsoft",419.603271484375
2024-05-24,"MSFT","Microsoft",422.708587646484
2024-05-28,"MSFT","Microsoft",422.865783691406
2024-05-29,"MSFT","Microsoft",421.735687255859
2024-05-30,"MSFT","Microsoft",407.486907958984
2024-05-31,"MSFT","Microsoft",407.938873291016
2024-06-03,"MSFT","Microsoft",406.356781005859
2024-06-04,"MSFT","Microsoft",408.862670898438
2024-06-05,"MSFT","Microsoft",416.665100097656
2024-06-06,"MSFT","Microsoft",417.166198730469
2024-06-07,"MSFT","Microsoft",416.507843017578
2024-06-10,"MSFT","Microsoft",420.458221435547
2024-06-11,"MSFT","Microsoft",425.184906005859
2024-06-12,"MSFT","Microsoft",433.419738769531
2024-06-13,"MSFT","Microsoft",433.930725097656
2024-06-14,"MSFT","Microsoft",434.903625488281
2024-06-17,"MSFT","Microsoft",440.603118896484
2024-06-18,"MSFT","Microsoft",438.608306884766
2024-06-20,"MSFT","Microsoft",437.979339599609
2024-06-21,"MSFT","Microsoft",441.988708496094
2024-06-24,"MSFT","Microsoft",439.915252685547
2024-06-25,"MSFT","Microsoft",443.138488769531
2024-06-26,"MSFT","Microsoft",444.327453613281
2024-06-27,"MSFT","Microsoft",445.005493164062
2024-06-28,"MSFT","Microsoft",439.207763671875
2024-07-01,"MSFT","Microsoft",448.818298339844
2024-07-02,"MSFT","Microsoft",451.324157714844
2024-07-03,"MSFT","Microsoft",452.788299560547
2024-07-05,"MSFT","Microsoft",459.460693359375
2024-07-08,"MSFT","Microsoft",458.163513183594
2024-07-09,"MSFT","Microsoft",451.579620361328
2024-07-10,"MSFT","Microsoft",458.17333984375
2024-07-11,"MSFT","Microsoft",446.823486328125
2024-07-12,"MSFT","Microsoft",445.693389892578
2024-07-15,"MSFT","Microsoft",446.096282958984
2024-07-16,"MSFT","Microsoft",441.733215332031
2024-07-17,"MSFT","Microsoft",435.837066650391
2024-07-18,"MSFT","Microsoft",432.741668701172
2024-07-19,"MSFT","Microsoft",429.538177490234
2024-07-22,"MSFT","Microsoft",435.267150878906
2024-07-23,"MSFT","Microsoft",437.144134521484
2024-07-24,"MSFT","Microsoft",421.470367431641
2024-07-25,"MSFT","Microsoft",411.152282714844
2024-07-26,"MSFT","Microsoft",417.903289794922
2024-07-29,"MSFT","Microsoft",419.337982177734
2024-07-30,"MSFT","Microsoft",415.593994140625
2024-07-31,"MSFT","Microsoft",411.103149414062
2024-08-01,"MSFT","Microsoft",409.884643554688
2024-08-02,"MSFT","Microsoft",401.413909912109
2024-08-05,"MSFT","Microsoft",388.304992675781
2024-08-06,"MSFT","Microsoft",392.687774658203
2024-08-07,"MSFT","Microsoft",391.528228759766
2024-08-08,"MSFT","Microsoft",395.714416503906
2024-08-09,"MSFT","Microsoft",398.986663818359
2024-08-12,"MSFT","Microsoft",399.763031005859
2024-08-13,"MSFT","Microsoft",406.838317871094
2024-08-14,"MSFT","Microsoft",409.638977050781
2024-08-15,"MSFT","Microsoft",414.482391357422
2024-08-16,"MSFT","Microsoft",411.962249755859
2024-08-19,"MSFT","Microsoft",414.974670410156
2024-08-20,"MSFT","Microsoft",418.193786621094
2024-08-21,"MSFT","Microsoft",417.544067382812
2024-08-22,"MSFT","Microsoft",409.087615966797
2024-08-23,"MSFT","Microsoft",410.308380126953
2024-08-26,"MSFT","Microsoft",407.059661865234
2024-08-27,"MSFT","Microsoft",407.404235839844
2024-08-28,"MSFT","Microsoft",404.214630126953
2024-08-29,"MSFT","Microsoft",406.695404052734
2024-08-30,"MSFT","Microsoft",410.652954101562
2024-09-03,"MSFT","Microsoft",403.072692871094
2024-09-04,"MSFT","Microsoft",402.541076660156
2024-09-05,"MSFT","Microsoft",402.039001464844
2024-09-06,"MSFT","Microsoft",395.453033447266
2024-09-09,"MSFT","Microsoft",399.410552978516
2024-09-10,"MSFT","Microsoft",407.758636474609
2024-09-11,"MSFT","Microsoft",416.461120605469
2024-09-12,"MSFT","Microsoft",420.359588623047
2024-09-13,"MSFT","Microsoft",423.893737792969
2024-09-16,"MSFT","Microsoft",424.632019042969
2024-09-17,"MSFT","Microsoft",428.3828125
2024-09-18,"MSFT","Microsoft",424.110412597656
2024-09-19,"MSFT","Microsoft",431.867797851562
2024-09-20,"MSFT","Microsoft",428.5009765625
2024-09-23,"MSFT","Microsoft",426.768371582031
2024-09-24,"MSFT","Microsoft",422.495880126953
2024-09-25,"MSFT","Microsoft",425.390106201172
2024-09-26,"MSFT","Microsoft",424.6025390625
2024-09-27,"MSFT","Microsoft",421.363739013672
2024-09-30,"MSFT","Microsoft",423.608276367188
2024-10-01,"MSFT","Microsoft",414.147705078125
2024-10-02,"MSFT","Microsoft",410.64306640625
2024-10-03,"MSFT","Microsoft",410.062255859375
2024-10-04,"MSFT","Microsoft",409.589721679688
2024-10-07,"MSFT","Microsoft",403.171081542969
2024-10-08,"MSFT","Microsoft",408.260711669922
2024-10-09,"MSFT","Microsoft",410.967956542969
2024-10-10,"MSFT","Microsoft",409.373107910156
2024-10-11,"MSFT","Microsoft",409.845703125
2024-10-14,"MSFT","Microsoft",412.621795654297
2024-10-15,"MSFT","Microsoft",412.22802734375
2024-10-16,"MSFT","Microsoft",409.648742675781
2024-10-17,"MSFT","Microsoft",410.239410400391
2024-10-18,"MSFT","Microsoft",411.657043457031
2024-10-21,"MSFT","Microsoft",412.267456054688
2024-10-22,"MSFT","Microsoft",420.861694335938
2024-10-23,"MSFT","Microsoft",417.996887207031
2024-10-24,"MSFT","Microsoft",418.124877929688
2024-10-25,"MSFT","Microsoft",421.491729736328
2024-10-28,"MSFT","Microsoft",419.955993652344
2024-10-29,"MSFT","Microsoft",425.232635498047
2024-10-30,"MSFT","Microsoft",425.803619384766
2024-10-31,"MSFT","Microsoft",400.030731201172
2024-11-01,"MSFT","Microsoft",403.988159179688
2024-11-04,"MSFT","Microsoft",402.107879638672
2024-11-05,"MSFT","Microsoft",405.061248779297
2024-11-06,"MSFT","Microsoft",413.645599365234
2024-11-07,"MSFT","Microsoft",418.813995361328
2024-11-08,"MSFT","Microsoft",415.968994140625
2024-11-11,"MSFT","Microsoft",411.509399414062
2024-11-12,"MSFT","Microsoft",416.451324462891
2024-11-13,"MSFT","Microsoft",418.587585449219
2024-11-14,"MSFT","Microsoft",420.251281738281
2024-11-15,"MSFT","Microsoft",408.546173095703
2024-11-18,"MSFT","Microsoft",409.29443359375
2024-11-19,"MSFT","Microsoft",411.292816162109
2024-11-20,"MSFT","Microsoft",409.028594970703
2024-11-21,"MSFT","Microsoft",407.262908935547
2024-11-22,"MSFT","Microsoft",411.336761474609
2024-11-25,"MSFT","Microsoft",413.102508544922
2024-11-26,"MSFT","Microsoft",422.177520751953
2024-11-27,"MSFT","Microsoft",417.245422363281
2024-11-29,"MSFT","Microsoft",417.709075927734
2024-12-02,"MSFT","Microsoft",425.126983642578
2024-12-03,"MSFT","Microsoft",425.343994140625
2024-12-04,"MSFT","Microsoft",431.4794921875
2024-12-05,"MSFT","Microsoft",436.60888671875
2024-12-06,"MSFT","Microsoft",437.545959472656
2024-12-09,"MSFT","Microsoft",439.962646484375
2024-12-10,"MSFT","Microsoft",437.309234619141
2024-12-11,"MSFT","Microsoft",442.892364501953
2024-12-12,"MSFT","Microsoft",443.45458984375
2024-12-13,"MSFT","Microsoft",441.195709228516
2024-12-16,"MSFT","Microsoft",445.45703125
2024-12-17,"MSFT","Microsoft",448.2880859375
2024-12-18,"MSFT","Microsoft",431.449951171875
2024-12-19,"MSFT","Microsoft",431.094787597656
2024-12-20,"MSFT","Microsoft",430.670593261719
2024-12-23,"MSFT","Microsoft",429.338958740234
2024-12-24,"MSFT","Microsoft",433.363494873047
2024-12-26,"MSFT","Microsoft",432.160095214844
2024-12-27,"MSFT","Microsoft",424.683074951172
2024-12-30,"MSFT","Microsoft",419.060455322266
2024-12-31,"MSFT","Microsoft",415.775665283203
2025-01-02,"MSFT","Microsoft",412.895324707031
2025-01-03,"MSFT","Microsoft",417.600555419922
2025-01-06,"MSFT","Microsoft",422.039459228516
2025-01-07,"MSFT","Microsoft",416.633880615234
2025-01-08,"MSFT","Microsoft",418.794128417969
2025-01-10,"MSFT","Microsoft",413.260314941406
2025-01-13,"MSFT","Microsoft",411.524200439453
2025-01-14,"MSFT","Microsoft",410.024841308594
2025-01-15,"MSFT","Microsoft",420.520385742188
2025-01-16,"MSFT","Microsoft",418.813812255859
2025-01-17,"MSFT","Microsoft",423.203399658203
2025-01-21,"MSFT","Microsoft",422.6806640625
2025-01-22,"MSFT","Microsoft",440.140258789062
2025-01-23,"MSFT","Microsoft",440.643280029297
2025-01-24,"MSFT","Microsoft",438.029296875
2025-01-27,"MSFT","Microsoft",428.658325195312
2025-01-28,"MSFT","Microsoft",441.126647949219
2025-01-29,"MSFT","Microsoft",436.322814941406
2025-01-30,"MSFT","Microsoft",409.354095458984
2025-01-31,"MSFT","Microsoft",409.423156738281
2025-02-03,"MSFT","Microsoft",405.339416503906
2025-02-04,"MSFT","Microsoft",406.769683837891
2025-02-05,"MSFT","Microsoft",407.677185058594
2025-02-06,"MSFT","Microsoft",410.172821044922
2025-02-07,"MSFT","Microsoft",404.185241699219
2025-02-10,"MSFT","Microsoft",406.621673583984
2025-02-11,"MSFT","Microsoft",405.852325439453
2025-02-12,"MSFT","Microsoft",403.484924316406
2025-02-13,"MSFT","Microsoft",404.964569091797
2025-02-14,"MSFT","Microsoft",402.883209228516
2025-02-18,"MSFT","Microsoft",404.076751708984
2025-02-19,"MSFT","Microsoft",409.137054443359
2025-02-20,"MSFT","Microsoft",411.301696777344
2025-02-21,"MSFT","Microsoft",403.473541259766
2025-02-24,"MSFT","Microsoft",399.312469482422
2025-02-25,"MSFT","Microsoft",393.283172607422
2025-02-26,"MSFT","Microsoft",395.091949462891
2025-02-27,"MSFT","Microsoft",387.975524902344
2025-02-28,"MSFT","Microsoft",392.383758544922
2025-03-03,"MSFT","Microsoft",383.982391357422
2025-03-04,"MSFT","Microsoft",384.100982666016
2025-03-05,"MSFT","Microsoft",396.367004394531
2025-03-06,"MSFT","Microsoft",392.284942626953
2025-03-07,"MSFT","Microsoft",388.746459960938
2025-03-10,"MSFT","Microsoft",375.748992919922
2025-03-11,"MSFT","Microsoft",376.035736083984
2025-03-12,"MSFT","Microsoft",378.822937011719
2025-03-13,"MSFT","Microsoft",374.375152587891
2025-03-14,"MSFT","Microsoft",384.051574707031
2025-03-17,"MSFT","Microsoft",384.18994140625
2025-03-18,"MSFT","Microsoft",379.070037841797
2025-03-19,"MSFT","Microsoft",383.320190429688
2025-03-20,"MSFT","Microsoft",382.351531982422
2025-03-21,"MSFT","Microsoft",386.720245361328
2025-03-24,"MSFT","Microsoft",388.519134521484
2025-03-25,"MSFT","Microsoft",390.574981689453
2025-03-26,"MSFT","Microsoft",385.445220947266
2025-03-27,"MSFT","Microsoft",386.048126220703
2025-03-28,"MSFT","Microsoft",374.40478515625
2025-03-31,"MSFT","Microsoft",371.034423828125
2025-04-01,"MSFT","Microsoft",377.755462646484
2025-04-02,"MSFT","Microsoft",377.7060546875
2025-04-03,"MSFT","Microsoft",368.780822753906
2025-04-04,"MSFT","Microsoft",355.664825439453
2025-04-07,"MSFT","Microsoft",353.707763671875
2025-04-08,"MSFT","Microsoft",350.446075439453
2025-04-09,"MSFT","Microsoft",385.959167480469
2025-04-10,"MSFT","Microsoft",376.925262451172
2025-04-11,"MSFT","Microsoft",383.94287109375
2025-04-14,"MSFT","Microsoft",383.310272216797
2025-04-15,"MSFT","Microsoft",381.25439453125
2025-04-16,"MSFT","Microsoft",367.298217773438
2025-04-17,"MSFT","Microsoft",363.512725830078
2025-04-21,"MSFT","Microsoft",354.953155517578
2025-04-22,"MSFT","Microsoft",362.563812255859
2025-04-23,"MSFT","Microsoft",370.046020507812
2025-04-24,"MSFT","Microsoft",382.806182861328
2025-04-25,"MSFT","Microsoft",387.303405761719
2025-04-28,"MSFT","Microsoft",386.621368408203
2025-04-29,"MSFT","Microsoft",389.467987060547
2025-04-30,"MSFT","Microsoft",390.673858642578
2025-05-01,"MSFT","Microsoft",420.464111328125
2025-05-02,"MSFT","Microsoft",430.229522705078
2025-05-05,"MSFT","Microsoft",431.109161376953
2025-05-06,"MSFT","Microsoft",428.282348632812
2025-05-07,"MSFT","Microsoft",428.321868896484
2025-05-08,"MSFT","Microsoft",433.085998535156
2025-05-09,"MSFT","Microsoft",433.639465332031
2025-05-12,"MSFT","Microsoft",444.047241210938
2025-05-13,"MSFT","Microsoft",443.9287109375
2025-05-14,"MSFT","Microsoft",447.684600830078
2025-05-15,"MSFT","Microsoft",448.694610595703
2025-05-16,"MSFT","Microsoft",449.823425292969
2025-05-19,"MSFT","Microsoft",454.37841796875
2025-05-20,"MSFT","Microsoft",453.685272216797
2025-05-21,"MSFT","Microsoft",448.140075683594
2025-05-22,"MSFT","Microsoft",450.407653808594
2025-05-23,"MSFT","Microsoft",445.773468017578
2025-05-27,"MSFT","Microsoft",456.180603027344
2025-05-28,"MSFT","Microsoft",452.883148193359
2025-05-29,"MSFT","Microsoft",454.190277099609
2025-05-30,"MSFT","Microsoft",455.853790283203
2025-06-02,"MSFT","Microsoft",457.448059082031
2025-06-03,"MSFT","Microsoft",458.438293457031
2025-06-04,"MSFT","Microsoft",459.329467773438
2025-06-05,"MSFT","Microsoft",463.102203369141
2025-06-06,"MSFT","Microsoft",465.775756835938
2025-06-09,"MSFT","Microsoft",468.122589111328
2025-06-10,"MSFT","Microsoft",466.310485839844
2025-06-11,"MSFT","Microsoft",467.993865966797
2025-06-12,"MSFT","Microsoft",474.182647705078
2025-06-13,"MSFT","Microsoft",470.310943603516
2025-06-16,"MSFT","Microsoft",474.450012207031
2025-06-17,"MSFT","Microsoft",473.360809326172
2025-06-18,"MSFT","Microsoft",475.539184570312
2025-06-20,"MSFT","Microsoft",472.727020263672
2025-06-23,"MSFT","Microsoft",481.242828369141
2025-06-24,"MSFT","Microsoft",485.312622070312
2025-06-25,"MSFT","Microsoft",487.451477050781
2025-06-26,"MSFT","Microsoft",492.580810546875
2025-06-27,"MSFT","Microsoft",491.085571289062
2025-06-30,"MSFT","Microsoft",492.541137695312
2025-07-01,"MSFT","Microsoft",487.233612060547
2025-07-02,"MSFT","Microsoft",486.283020019531
2025-07-03,"MSFT","Microsoft",493.957153320312
2025-07-07,"MSFT","Microsoft",492.84814453125
2025-07-08,"MSFT","Microsoft",491.758911132812
2025-07-09,"MSFT","Microsoft",498.581481933594
2025-07-10,"MSFT","Microsoft",496.571350097656
2025-07-11,"MSFT","Microsoft",498.393310546875
2025-07-14,"MSFT","Microsoft",498.096282958984
2025-07-15,"MSFT","Microsoft",500.868835449219
2025-07-16,"MSFT","Microsoft",500.670837402344
2025-07-17,"MSFT","Microsoft",506.691284179688
2025-07-18,"MSFT","Microsoft",505.057434082031
2025-07-21,"MSFT","Microsoft",505.067291259766
2025-07-22,"MSFT","Microsoft",500.324188232422
2025-07-23,"MSFT","Microsoft",500.918334960938
2025-07-24,"MSFT","Microsoft",505.879302978516
2025-07-25,"MSFT","Microsoft",508.681610107422
2025-07-28,"MSFT","Microsoft",507.483459472656
2025-07-29,"MSFT","Microsoft",507.552795410156
2025-07-30,"MSFT","Microsoft",508.216217041016
2025-07-31,"MSFT","Microsoft",528.277954101562
2025-08-01,"MSFT","Microsoft",518.979797363281
2025-08-04,"MSFT","Microsoft",530.396911621094
2025-08-05,"MSFT","Microsoft",522.584167480469
2025-08-06,"MSFT","Microsoft",519.801696777344
2025-08-07,"MSFT","Microsoft",515.741821289062
2025-08-08,"MSFT","Microsoft",516.930053710938
2025-08-11,"MSFT","Microsoft",516.662719726562
2025-08-12,"MSFT","Microsoft",524.0595703125
2025-08-13,"MSFT","Microsoft",515.484436035156
2025-08-14,"MSFT","Microsoft",517.36572265625
2025-08-15,"MSFT","Microsoft",515.078369140625
2025-08-18,"MSFT","Microsoft",512.038452148438
2025-08-19,"MSFT","Microsoft",504.780181884766
2025-08-20,"MSFT","Microsoft",500.769836425781
2025-08-21,"MSFT","Microsoft",500.125122070312
2025-08-22,"MSFT","Microsoft",503.090759277344
2025-08-25,"MSFT","Microsoft",500.144989013672
2025-08-26,"MSFT","Microsoft",497.943054199219
2025-08-27,"MSFT","Microsoft",502.604705810547
2025-08-28,"MSFT","Microsoft",505.481048583984
2025-08-29,"MSFT","Microsoft",502.555145263672
2025-09-02,"MSFT","Microsoft",500.997924804688
2025-09-03,"MSFT","Microsoft",501.226043701172
2025-09-04,"MSFT","Microsoft",503.82470703125
2025-09-05,"MSFT","Microsoft",490.960571289062
2025-09-08,"MSFT","Microsoft",494.134429931641
2025-09-09,"MSFT","Microsoft",494.342712402344
2025-09-10,"MSFT","Microsoft",496.286712646484
2025-09-11,"MSFT","Microsoft",496.921508789062
2025-09-12,"MSFT","Microsoft",505.738922119141
2025-09-15,"MSFT","Microsoft",511.154418945312
2025-09-16,"MSFT","Microsoft",504.885955810547
2025-09-17,"MSFT","Microsoft",505.857940673828
2025-09-18,"MSFT","Microsoft",504.300811767578
2025-09-19,"MSFT","Microsoft",513.703369140625
2025-09-22,"MSFT","Microsoft",510.251892089844
2025-09-23,"MSFT","Microsoft",505.074432373047
2025-09-24,"MSFT","Microsoft",505.986907958984
2025-09-25,"MSFT","Microsoft",502.892395019531
2025-09-26,"MSFT","Microsoft",507.286193847656
2025-09-29,"MSFT","Microsoft",510.400573730469
2025-09-30,"MSFT","Microsoft",513.723266601562
2025-10-01,"MSFT","Microsoft",515.468933105469
2025-10-02,"MSFT","Microsoft",511.53125
2025-10-03,"MSFT","Microsoft",513.128112792969
2025-10-06,"MSFT","Microsoft",524.256591796875
2025-10-07,"MSFT","Microsoft",519.703979492188
2025-10-08,"MSFT","Microsoft",520.56689453125
2025-10-09,"MSFT","Microsoft",518.136962890625
2025-10-10,"MSFT","Microsoft",506.790252685547
2025-10-13,"MSFT","Microsoft",509.855102539062
2025-10-14,"MSFT","Microsoft",509.378997802734
2025-10-15,"MSFT","Microsoft",509.240142822266
2025-10-16,"MSFT","Microsoft",507.434967041016
2025-10-17,"MSFT","Microsoft",509.388916015625
2025-10-20,"MSFT","Microsoft",512.572692871094
2025-10-21,"MSFT","Microsoft",513.435607910156
2025-10-22,"MSFT","Microsoft",516.292114257812
2025-10-23,"MSFT","Microsoft",516.311889648438
2025-10-24,"MSFT","Microsoft",519.337097167969
2025-10-27,"MSFT","Microsoft",527.182495117188
2025-10-28,"MSFT","Microsoft",537.646423339844
2025-10-29,"MSFT","Microsoft",537.130615234375
2025-10-30,"MSFT","Microsoft",521.469482421875
2025-10-31,"MSFT","Microsoft",513.584411621094
2025-11-03,"MSFT","Microsoft",512.810791015625
2025-11-04,"MSFT","Microsoft",510.132781982422
2025-11-05,"MSFT","Microsoft",503.021331787109
2025-11-06,"MSFT","Microsoft",493.043395996094
2025-11-07,"MSFT","Microsoft",492.765716552734
2025-11-10,"MSFT","Microsoft",501.870727539062
2025-11-11,"MSFT","Microsoft",504.528900146484
2025-11-12,"MSFT","Microsoft",506.968841552734
2025-11-13,"MSFT","Microsoft",499.182891845703
2025-11-14,"MSFT","Microsoft",506.016632080078
2025-11-17,"MSFT","Microsoft",503.348571777344
2025-11-18,"MSFT","Microsoft",489.760437011719
2025-11-19,"MSFT","Microsoft",483.144836425781
2025-11-20,"MSFT","Microsoft",475.413879394531
2025-11-21,"MSFT","Microsoft",469.143646240234
2025-11-24,"MSFT","Microsoft",471.011810302734
2025-11-25,"MSFT","Microsoft",473.982971191406
2025-11-26,"MSFT","Microsoft",482.439331054688
2025-11-28,"MSFT","Microsoft",488.908294677734
2025-12-01,"MSFT","Microsoft",483.671478271484
2025-12-02,"MSFT","Microsoft",486.910949707031
2025-12-03,"MSFT","Microsoft",474.718292236328
2025-12-04,"MSFT","Microsoft",477.808715820312
2025-12-05,"MSFT","Microsoft",480.114074707031
2025-12-08,"MSFT","Microsoft",487.924499511719
2025-12-09,"MSFT","Microsoft",488.918212890625
2025-12-10,"MSFT","Microsoft",475.543060302734
2025-12-11,"MSFT","Microsoft",480.422149658203
2025-12-12,"MSFT","Microsoft",475.513275146484
2025-12-15,"MSFT","Microsoft",471.82666015625
2025-12-16,"MSFT","Microsoft",473.386779785156
2025-12-17,"MSFT","Microsoft",473.118438720703
2025-12-18,"MSFT","Microsoft",480.928924560547
2025-12-19,"MSFT","Microsoft",482.856689453125
2025-12-22,"MSFT","Microsoft",481.862976074219
2025-12-23,"MSFT","Microsoft",483.780792236328
2025-12-24,"MSFT","Microsoft",484.943420410156
2025-12-26,"MSFT","Microsoft",484.635406494141
2025-12-29,"MSFT","Microsoft",484.029235839844
2025-12-30,"MSFT","Microsoft",484.406860351562
2025-12-31,"MSFT","Microsoft",480.571166992188
2026-01-02,"MSFT","Microsoft",469.95849609375
2026-01-05,"MSFT","Microsoft",469.869079589844
2026-01-06,"MSFT","Microsoft",475.493377685547
2026-01-07,"MSFT","Microsoft",480.422149658203
2026-01-08,"MSFT","Microsoft",475.095916748047
2026-01-09,"MSFT","Microsoft",476.258544921875
2026-01-12,"MSFT","Microsoft",474.171752929688
2026-01-13,"MSFT","Microsoft",467.702819824219
2026-01-14,"MSFT","Microsoft",456.484008789062
2026-01-15,"MSFT","Microsoft",453.781127929688
2026-01-16,"MSFT","Microsoft",456.9609375
2026-01-20,"MSFT","Microsoft",451.654602050781
2026-01-21,"MSFT","Microsoft",441.310211181641
2026-01-22,"MSFT","Microsoft",448.295959472656
2026-01-23,"MSFT","Microsoft",463.012573242188
2026-01-26,"MSFT","Microsoft",467.315277099609
2026-01-27,"MSFT","Microsoft",477.550323486328
2026-01-28,"MSFT","Microsoft",478.593719482422
2026-01-29,"MSFT","Microsoft",430.767150878906
2026-01-30,"MSFT","Microsoft",427.577392578125
2026-02-02,"MSFT","Microsoft",420.700988769531
2026-02-03,"MSFT","Microsoft",408.61767578125
2026-02-04,"MSFT","Microsoft",411.578887939453
2026-02-05,"MSFT","Microsoft",391.188262939453
2026-02-06,"MSFT","Microsoft",398.611175537109
2026-02-09,"MSFT","Microsoft",410.992614746094
2026-02-10,"MSFT","Microsoft",410.664642333984
2026-02-11,"MSFT","Microsoft",401.820770263672
2026-02-12,"MSFT","Microsoft",399.306762695312
2026-02-13,"MSFT","Microsoft",398.790008544922
2026-02-17,"MSFT","Microsoft",394.358123779297
2026-02-18,"MSFT","Microsoft",397.080841064453
2026-02-19,"MSFT","Microsoft",396.851776123047
2026-02-20,"MSFT","Microsoft",395.626739501953
2026-02-23,"MSFT","Microsoft",382.918243408203
2026-02-24,"MSFT","Microsoft",387.429931640625
2026-02-25,"MSFT","Microsoft",398.983123779297
2026-02-26,"MSFT","Microsoft",400.098602294922
2026-02-27,"MSFT","Microsoft",391.154846191406
2026-03-02,"MSFT","Microsoft",396.941375732422
2026-03-03,"MSFT","Microsoft",402.299682617188
2026-03-04,"MSFT","Microsoft",403.564575195312
2026-03-05,"MSFT","Microsoft",409.022430419922
2026-03-06,"MSFT","Microsoft",407.309387207031
2026-03-09,"MSFT","Microsoft",407.757568359375
2026-03-10,"MSFT","Microsoft",404.122314453125
2026-03-11,"MSFT","Microsoft",403.245849609375
2026-03-12,"MSFT","Microsoft",400.238006591797
2026-03-13,"MSFT","Microsoft",393.953491210938
2026-03-16,"MSFT","Microsoft",398.335754394531
2026-03-17,"MSFT","Microsoft",397.797943115234
2026-03-18,"MSFT","Microsoft",390.208679199219
2026-03-19,"MSFT","Microsoft",387.449859619141
2026-03-20,"MSFT","Microsoft",380.328704833984
2026-03-23,"MSFT","Microsoft",381.454193115234
2026-03-24,"MSFT","Microsoft",371.235565185547
2026-03-25,"MSFT","Microsoft",369.542449951172
2026-03-26,"MSFT","Microsoft",364.492889404297
2026-03-27,"MSFT","Microsoft",355.330047607422
2026-03-30,"MSFT","Microsoft",357.511199951172
2026-03-31,"MSFT","Microsoft",368.675964355469
2026-04-01,"MSFT","Microsoft",367.879180908203
2026-04-02,"MSFT","Microsoft",371.952667236328
2026-04-06,"MSFT","Microsoft",371.375030517578
2026-04-07,"MSFT","Microsoft",370.787414550781
2026-04-08,"MSFT","Microsoft",372.819122314453
2026-04-09,"MSFT","Microsoft",371.564239501953
2026-04-10,"MSFT","Microsoft",369.373107910156
2026-04-13,"MSFT","Microsoft",382.818634033203
2026-04-14,"MSFT","Microsoft",391.523345947266
2026-04-15,"MSFT","Microsoft",409.560272216797
2026-04-16,"MSFT","Microsoft",418.563781738281
2026-04-17,"MSFT","Microsoft",421.083587646484
2026-04-20,"MSFT","Microsoft",416.382629394531
2026-04-21,"MSFT","Microsoft",422.448028564453
2026-04-22,"MSFT","Microsoft",431.172698974609
2026-04-23,"MSFT","Microsoft",414.071990966797
2026-04-24,"MSFT","Microsoft",422.906188964844
2026-04-27,"MSFT","Microsoft",423.105377197266
2026-04-28,"MSFT","Microsoft",427.517486572266
2026-04-29,"MSFT","Microsoft",422.746826171875
2026-04-30,"MSFT","Microsoft",406.134155273438
2026-05-01,"MSFT","Microsoft",412.767272949219
2026-05-04,"MSFT","Microsoft",411.950561523438
2026-05-05,"MSFT","Microsoft",409.719604492188
2026-05-06,"MSFT","Microsoft",412.289184570312
2026-05-07,"MSFT","Microsoft",419.071716308594
2026-05-08,"MSFT","Microsoft",413.444519042969
2026-05-11,"MSFT","Microsoft",410.994445800781
2026-05-12,"MSFT","Microsoft",406.124176025391
2026-05-13,"MSFT","Microsoft",403.574523925781
2026-05-14,"MSFT","Microsoft",407.777465820312
2026-05-15,"MSFT","Microsoft",420.217071533203
2026-05-18,"MSFT","Microsoft",421.83056640625
2026-05-19,"MSFT","Microsoft",415.735260009766
2026-05-20,"MSFT","Microsoft",419.360534667969
2026-05-21,"MSFT","Microsoft",418.302520751953
2026-05-22,"MSFT","Microsoft",417.783538818359
2026-05-26,"MSFT","Microsoft",415.248291015625
2026-05-27,"MSFT","Microsoft",411.894622802734
2026-05-28,"MSFT","Microsoft",426.187683105469
2026-05-29,"MSFT","Microsoft",449.394012451172
2026-06-01,"MSFT","Microsoft",459.654693603516
2026-06-02,"MSFT","Microsoft",440.480773925781
2026-06-03,"MSFT","Microsoft",426.537048339844
2026-06-04,"MSFT","Microsoft",427.245697021484
2026-06-05,"MSFT","Microsoft",415.887084960938
2026-06-08,"MSFT","Microsoft",410.966339111328
2026-06-09,"MSFT","Microsoft",402.652008056641
2026-06-10,"MSFT","Microsoft",396.613342285156
2026-06-11,"MSFT","Microsoft",389.606567382812
2026-06-12,"MSFT","Microsoft",390.005798339844
2026-06-15,"MSFT","Microsoft",399.008880615234
2026-06-16,"MSFT","Microsoft",393.089996337891
2026-06-17,"MSFT","Microsoft",378.198028564453
2026-06-18,"MSFT","Microsoft",378.687103271484
2026-06-22,"MSFT","Microsoft",366.649780273438
2026-06-23,"MSFT","Microsoft",373.237365722656
2026-06-24,"MSFT","Microsoft",364.773315429688
2026-06-25,"MSFT","Microsoft",352.167022705078
2026-06-26,"MSFT","Microsoft",372.269195556641
2026-06-29,"MSFT","Microsoft",367.877471923828
2026-06-30,"MSFT","Microsoft",372.319091796875
2026-07-01,"MSFT","Microsoft",383.557952880859
2026-07-02,"MSFT","Microsoft",389.756256103516
2026-07-06,"MSFT","Microsoft",386.013305664062
2026-07-07,"MSFT","Microsoft",388.109375
2026-07-08,"MSFT","Microsoft",382.619720458984
2026-07-09,"MSFT","Microsoft",383.637786865234
2026-07-10,"MSFT","Microsoft",384.376403808594
2026-07-13,"MSFT","Microsoft",390.255340576172
2026-07-14,"MSFT","Microsoft",384.206726074219
2026-07-15,"MSFT","Microsoft",394.886627197266
2026-07-16,"MSFT","Microsoft",400.346343994141
2026-07-17,"MSFT","Microsoft",393.080017089844
2026-07-20,"MSFT","Microsoft",401.534118652344
2026-07-21,"MSFT","Microsoft",397.002624511719
2026-07-22,"MSFT","Microsoft",389.606567382812
2026-07-23,"MSFT","Microsoft",380.863006591797
2026-07-24,"MSFT","Microsoft",380.982818603516
2026-07-27,"MSFT","Microsoft",388.368896484375
2026-07-28,"MSFT","Microsoft",392.610900878906
2026-07-29,"MSFT","Microsoft",389.806182861328
2026-07-30,"MSFT","Microsoft",450.252410888672
2026-07-31,"MSFT","Microsoft",463.846801757812
2026-08-03,"MSFT","Microsoft",486.733703613281
2026-08-04,"MSFT","Microsoft",491.884033203125
2026-08-05,"MSFT","Microsoft",486.544067382812
2026-08-06,"MSFT","Microsoft",498.920745849609
2026-08-07,"MSFT","Microsoft",499.050506591797
2026-08-10,"MSFT","Microsoft",505.109130859375
2026-08-11,"MSFT","Microsoft",502.863342285156
2026-08-12,"MSFT","Microsoft",491.504730224609
2026-08-13,"MSFT","Microsoft",495.946380615234
2026-08-14,"MSFT","Microsoft",494.469146728516
2026-08-17,"MSFT","Microsoft",479.447448730469
2026-08-18,"MSFT","Microsoft",480.725036621094
2026-08-19,"MSFT","Microsoft",483.399993896484
2026-08-20,"MSFT","Microsoft",481.149993896484
2026-08-21,"MSFT","Microsoft",483.239990234375
2026-08-24,"MSFT","Microsoft",487.309997558594
2026-08-25,"MSFT","Microsoft",491.709991455078
2026-08-26,"MSFT","Microsoft",496.369995117188
2026-08-27,"MSFT","Microsoft",505.059997558594
2026-08-28,"MSFT","Microsoft",513.530029296875
2026-08-31,"MSFT","Microsoft",507.290008544922
2026-09-01,"MSFT","Microsoft",501.019989013672
2026-09-02,"MSFT","Microsoft",496.820007324219
2026-09-03,"MSFT","Microsoft",510.119995117188
2026-09-04,"MSFT","Microsoft",499.700012207031
2026-09-08,"MSFT","Microsoft",493.950012207031
2026-09-09,"MSFT","Microsoft",491.649993896484
2026-09-10,"MSFT","Microsoft",492.440002441406
2026-09-11,"MSFT","Microsoft",495.630004882812
2026-09-14,"MSFT","Microsoft",505.410003662109
2026-09-15,"MSFT","Microsoft",497.119995117188
2026-09-16,"MSFT","Microsoft",490.299987792969
